"Date","Max.TemperatureF","Mean.TemperatureF","Min.TemperatureF","Max.Dew.PointF","MeanDew.PointF","Min.DewpointF","Max.Humidity","Mean.Humidity","Min.Humidity","Max.Sea.Level.PressureIn","Mean.Sea.Level.PressureIn","Min.Sea.Level.PressureIn","Max.VisibilityMiles","Mean.VisibilityMiles","Min.VisibilityMiles","Max.Wind.SpeedMPH","Mean.Wind.SpeedMPH","Max.Gust.SpeedMPH","PrecipitationIn","CloudCover","Events","WindDirDegrees.br...","city","season"
2015-01-01,"46","40","33","39","19","9","76","45","33","29.80","29.59","29.36","6","6","3","29","17","43","0.00","3","Snow","328<br />","Tokyo (JPN)","Winter"
2015-01-02,"42","36","30","25","16","7","53","41","27","29.92","29.82","29.74","6","6","6","13","7","","0.00","2","","302<br />","Tokyo (JPN)","Winter"
2015-01-03,"46","39","32","25","18","9","60","42","22","30.01","29.95","29.80","6","6","6","14","10","","0.00","1","","298<br />","Tokyo (JPN)","Winter"
2015-01-04,"46","40","33","32","25","19","65","53","43","30.01","29.91","29.83","6","6","6","8","4","","0.00","2","","301<br />","Tokyo (JPN)","Winter"
2015-01-05,"53","45","37","39","31","25","76","59","33","30.09","30.02","29.92","6","6","6","18","8","","0.00","1","","45<br />","Tokyo (JPN)","Winter"
2015-01-06,"60","52","44","55","42","25","94","65","43","30.01","29.58","29.33","6","6","2","33","19","53","0.00","5","Rain","228<br />","Tokyo (JPN)","Winter"
2015-01-07,"50","46","41","23","19","16","46","38","27","29.68","29.59","29.47","6","6","6","26","20","37","0.00","4","","342<br />","Tokyo (JPN)","Winter"
2015-01-08,"51","45","39","25","16","12","42","32","21","29.83","29.77","29.71","6","6","6","23","19","33","0.00","1","","327<br />","Tokyo (JPN)","Winter"
2015-01-09,"51","46","41","23","15","10","40","30","19","29.89","29.84","29.80","6","6","6","22","16","32","0.00","1","","330<br />","Tokyo (JPN)","Winter"
2015-01-10,"51","45","39","23","15","9","43","30","18","29.92","29.85","29.80","6","6","6","20","13","30","0.00","1","","333<br />","Tokyo (JPN)","Winter"
2015-01-11,"51","43","35","32","25","21","60","46","35","29.95","29.85","29.74","6","6","6","24","10","31","0.00","2","Rain","262<br />","Tokyo (JPN)","Winter"
2015-01-12,"48","42","37","25","17","10","52","36","25","30.21","30.06","29.89","6","6","6","25","17","37","0.00","1","","326<br />","Tokyo (JPN)","Winter"
2015-01-13,"51","43","35","27","21","16","48","39","28","30.39","30.33","30.21","6","6","6","16","12","","0.00","1","","326<br />","Tokyo (JPN)","Winter"
2015-01-14,"48","42","37","41","29","21","76","55","42","30.39","30.31","30.15","6","6","6","10","5","","0.00","4","","29<br />","Tokyo (JPN)","Winter"
2015-01-15,"48","44","39","41","37","28","93","79","50","30.15","29.84","29.59","6","4","1","28","11","37","0.00","6","Rain","352<br />","Tokyo (JPN)","Winter"
2015-01-16,"51","46","42","46","35","28","93","61","46","29.95","29.88","29.74","6","6","6","20","11","","0.00","4","Rain","58<br />","Tokyo (JPN)","Winter"
2015-01-17,"51","44","37","46","26","12","93","52","31","29.98","29.74","29.62","6","6","6","29","12","40","0.00","2","","320<br />","Tokyo (JPN)","Winter"
2015-01-18,"50","42","35","23","15","9","46","34","22","30.06","30.03","29.98","6","6","6","20","12","32","0.00","1","","310<br />","Tokyo (JPN)","Winter"
2015-01-19,"50","42","33","36","25","18","62","48","37","29.98","29.85","29.74","6","6","6","18","7","18","0.00","1","","2<br />","Tokyo (JPN)","Winter"
2015-01-20,"51","46","41","28","22","19","57","41","30","30.33","30.13","29.98","6","6","6","18","14","29","0.00","1","","341<br />","Tokyo (JPN)","Winter"
2015-01-21,"41","38","35","37","30","19","93","74","42","30.42","30.29","30.15","6","5","2","17","12","","0.00","6","Rain-Snow","343<br />","Tokyo (JPN)","Winter"
2015-01-22,"44","42","41","43","39","36","93","89","81","30.15","29.85","29.53","6","5","3","16","11","","0.00","6","Rain","353<br />","Tokyo (JPN)","Winter"
2015-01-23,"53","48","41","43","31","18","93","59","34","29.98","29.71","29.50","6","6","3","29","14","40","0.00","3","Rain","341<br />","Tokyo (JPN)","Winter"
2015-01-24,"46","44","41","30","22","16","57","44","36","30.21","30.12","29.98","6","6","6","23","15","36","0.00","4","","9<br />","Tokyo (JPN)","Winter"
2015-01-25,"51","44","37","43","34","27","76","63","47","30.36","30.31","30.18","6","6","6","12","6","","0.00","2","","27<br />","Tokyo (JPN)","Winter"
2015-01-26,"57","50","44","48","42","37","93","76","66","30.33","30.17","29.98","6","6","3","15","8","","0.00","4","Rain","354<br />","Tokyo (JPN)","Winter"
2015-01-27,"57","50","44","48","43","30","93","79","44","29.98","29.81","29.68","6","4","2","24","12","29","0.00","5","Rain-Thunderstorm","353<br />","Tokyo (JPN)","Winter"
2015-01-28,"46","42","37","37","22","12","81","46","25","30.21","30.02","29.83","6","6","6","24","17","33","0.00","4","Rain","360<br />","Tokyo (JPN)","Winter"
2015-01-29,"42","38","33","32","21","14","66","47","34","30.36","30.29","30.21","6","6","6","20","13","","0.00","2","","48<br />","Tokyo (JPN)","Winter"
2015-01-30,"42","38","35","37","34","27","93","87","57","30.24","30.02","29.74","6","4","2","20","12","","0.00","6","Rain-Snow","343<br />","Tokyo (JPN)","Winter"
2015-01-31,"50","44","37","37","24","10","93","52","20","29.98","29.85","29.74","6","6","6","30","13","44","0.00","1","","318<br />","Tokyo (JPN)","Winter"
2015-02-01,"46","40","35","21","14","9","39","33","23","30.15","30.07","29.98","6","6","6","24","19","36","0.00","1","","330<br />","Tokyo (JPN)","Winter"
2015-02-02,"48","42","37","21","15","10","45","33","25","30.18","30.14","30.09","6","6","6","29","18","41","0.00","1","","334<br />","Tokyo (JPN)","Winter"
2015-02-03,"48","42","37","28","22","18","61","45","34","30.21","30.16","30.12","6","6","6","18","13","","0.00","1","","20<br />","Tokyo (JPN)","Winter"
2015-02-04,"46","42","39","34","26","21","70","53","40","30.18","30.10","30.04","6","6","6","17","10","","0.00","3","","62<br />","Tokyo (JPN)","Winter"
2015-02-05,"42","40","37","36","34","32","93","85","66","30.04","29.92","29.83","6","5","3","16","13","","0.00","6","Rain-Snow","11<br />","Tokyo (JPN)","Winter"
2015-02-06,"51","42","32","34","29","19","93","63","30","30.18","29.98","29.86","6","6","3","17","9","","0.00","1","Rain","317<br />","Tokyo (JPN)","Winter"
2015-02-07,"48","44","39","37","29","23","81","59","43","30.24","30.16","30.09","6","6","6","15","8","","0.00","5","Rain","42<br />","Tokyo (JPN)","Winter"
2015-02-08,"44","40","37","39","37","34","93","83","70","30.06","29.82","29.65","6","5","2","12","6","","0.00","4","Fog-Rain","355<br />","Tokyo (JPN)","Winter"
2015-02-09,"39","37","35","36","21","10","93","53","35","29.89","29.80","29.68","6","6","2","29","15","39","0.00","4","Fog-Snow","350<br />","Tokyo (JPN)","Winter"
2015-02-10,"44","37","30","32","22","16","70","52","39","29.89","29.84","29.80","6","6","6","13","8","","0.00","1","","197<br />","Tokyo (JPN)","Winter"
2015-02-11,"50","42","33","36","26","19","66","52","40","29.95","29.87","29.80","6","6","6","13","7","","0.00","1","","262<br />","Tokyo (JPN)","Winter"
2015-02-12,"53","46","39","39","30","27","66","53","38","29.80","29.65","29.53","6","6","6","17","8","23","0.00","1","","358<br />","Tokyo (JPN)","Winter"
2015-02-13,"50","42","35","37","21","9","93","47","24","29.77","29.60","29.53","6","6","4","26","10","34","0.00","4","Rain","327<br />","Tokyo (JPN)","Winter"
2015-02-14,"51","42","32","25","12","5","46","31","16","29.92","29.86","29.80","6","6","6","18","10","31","0.00","1","","283<br />","Tokyo (JPN)","Winter"
2015-02-15,"51","42","33","30","20","10","60","41","29","29.95","29.89","29.80","6","6","6","40","14","59","0.00","1","","327<br />","Tokyo (JPN)","Winter"
2015-02-16,"53","45","37","36","20","10","66","38","19","30.01","29.92","29.86","6","6","6","22","14","","0.00","1","","22<br />","Tokyo (JPN)","Winter"
2015-02-17,"42","40","37","37","34","28","93","76","61","29.95","29.90","29.83","6","6","4","18","14","","0.00","6","Rain","22<br />","Tokyo (JPN)","Winter"
2015-02-18,"41","40","39","37","37","36","93","89","87","29.83","29.76","29.68","6","6","2","22","14","33","0.00","6","Rain","351<br />","Tokyo (JPN)","Winter"
2015-02-19,"51","43","35","41","35","30","93","72","44","30.01","29.84","29.77","6","6","6","20","10","","0.00","2","","21<br />","Tokyo (JPN)","Winter"
2015-02-20,"50","44","39","37","35","34","87","73","58","30.27","30.12","30.01","6","6","6","18","9","","0.00","2","Rain","60<br />","Tokyo (JPN)","Winter"
2015-02-21,"48","44","39","36","33","27","87","69","46","30.39","30.34","30.30","6","6","6","16","9","","0.00","2","","71<br />","Tokyo (JPN)","Winter"
2015-02-22,"53","46","41","54","39","34","100","81","70","30.33","30.18","29.95","6","4","2","14","7","","0.00","6","Rain","26<br />","Tokyo (JPN)","Winter"
2015-02-23,"66","56","46","57","51","45","100","86","64","29.95","29.83","29.68","6","4","2","31","17","37","0.00","5","Rain","120<br />","Tokyo (JPN)","Winter"
2015-02-24,"53","50","48","46","43","37","93","77","62","29.95","29.89","29.83","6","6","4","15","9","","0.00","6","Rain","44<br />","Tokyo (JPN)","Winter"
2015-02-25,"51","48","46","41","38","36","76","67","58","30.15","30.06","29.95","6","6","6","16","11","","0.00","5","","63<br />","Tokyo (JPN)","Winter"
2015-02-26,"46","44","42","43","41","37","93","86","71","30.18","30.00","29.71","6","5","3","15","11","","0.00","6","Rain","357<br />","Tokyo (JPN)","Winter"
2015-02-27,"55","48","41","43","30","16","93","55","29","30.01","29.78","29.62","6","6","6","29","10","45","0.00","4","Fog","332<br />","Tokyo (JPN)","Winter"
2015-02-28,"50","44","39","36","22","14","66","41","28","30.33","30.21","30.01","6","6","6","25","16","29","0.00","3","","19<br />","Tokyo (JPN)","Winter"
2015-03-01,"50","46","42","45","41","36","100","83","62","30.27","29.80","29.44","6","4","1","26","12","37","0.00","6","Rain","345<br />","Tokyo (JPN)","Winter"
2015-03-02,"55","50","44","39","26","19","66","40","26","30.04","29.79","29.47","6","6","6","29","19","41","0.00","2","Rain","340<br />","Tokyo (JPN)","Winter"
2015-03-03,"46","44","41","37","31","25","87","62","43","30.15","30.08","29.92","6","6","6","13","10","","0.00","6","Rain","19<br />","Tokyo (JPN)","Winter"
2015-03-04,"60","50","39","48","40","32","93","77","45","29.92","29.67","29.56","6","5","2","21","10","","0.00","4","Rain","351<br />","Tokyo (JPN)","Winter"
2015-03-05,"55","50","44","43","28","19","82","44","28","30.12","29.95","29.74","6","6","6","20","12","","0.00","2","","7<br />","Tokyo (JPN)","Winter"
2015-03-06,"50","46","42","39","32","23","87","59","40","30.27","30.21","30.15","6","6","6","16","13","","0.00","5","Rain","40<br />","Tokyo (JPN)","Winter"
2015-03-07,"46","44","41","41","38","37","87","81","76","30.27","30.21","30.15","6","6","4","18","15","","0.00","6","Rain","11<br />","Tokyo (JPN)","Winter"
2015-03-08,"51","46","42","45","43","39","93","82","71","30.18","30.14","30.09","6","5","2","20","16","","0.00","6","Rain","356<br />","Tokyo (JPN)","Winter"
2015-03-09,"50","49","48","48","46","43","94","88","76","30.18","29.88","29.44","6","5","2","17","13","","0.00","5","Rain-Thunderstorm","348<br />","Tokyo (JPN)","Winter"
2015-03-10,"55","46","35","48","33","12","94","61","31","29.71","29.45","29.33","6","6","6","23","15","36","0.00","6","Rain","323<br />","Tokyo (JPN)","Winter"
2015-03-11,"51","42","33","25","20","10","56","39","30","29.89","29.75","29.68","6","6","6","24","15","34","0.00","1","","231<br />","Tokyo (JPN)","Winter"
2015-03-12,"55","48","41","28","22","18","45","37","26","29.95","29.83","29.74","6","6","6","24","17","36","0.00","1","","230<br />","Tokyo (JPN)","Winter"
2015-03-13,"57","48","39","32","23","14","44","36","23","30.04","29.98","29.92","6","6","6","23","10","32","0.00","1","","216<br />","Tokyo (JPN)","Winter"
2015-03-14,"51","48","46","39","31","23","71","51","33","30.24","30.08","29.98","6","6","6","21","13","33","0.00","4","","66<br />","Tokyo (JPN)","Winter"
2015-03-15,"53","48","42","45","36","32","76","63","54","30.33","30.24","30.15","6","6","6","16","10","","0.00","4","Rain","39<br />","Tokyo (JPN)","Winter"
2015-03-16,"55","52","48","54","46","37","100","80","58","30.24","30.18","30.12","6","4","1","12","6","","0.00","6","Rain","41<br />","Tokyo (JPN)","Winter"
2015-03-17,"68","59","50","54","51","48","100","81","56","30.12","30.06","29.98","6","4","1","18","8","","0.00","2","Rain","130<br />","Tokyo (JPN)","Winter"
2015-03-18,"66","58","51","55","52","48","100","83","60","30.09","30.03","29.98","6","5","2","15","8","","0.00","3","Rain","12<br />","Tokyo (JPN)","Winter"
2015-03-19,"57","54","51","54","51","48","100","91","82","30.01","29.80","29.65","6","3","2","18","9","","0.00","6","Rain","44<br />","Tokyo (JPN)","Winter"
2015-03-20,"55","52","50","50","48","46","94","85","72","29.98","29.92","29.86","6","6","4","16","11","","0.00","6","","74<br />","Tokyo (JPN)","Spring"
2015-03-21,"55","52","48","48","40","30","88","68","41","30.04","30.00","29.95","6","6","4","15","9","","0.00","6","Rain","93<br />","Tokyo (JPN)","Spring"
2015-03-22,"62","54","46","50","44","39","82","66","48","30.01","29.89","29.80","6","6","4","23","9","34","0.00","3","Rain","158<br />","Tokyo (JPN)","Spring"
2015-03-23,"57","50","42","43","34","18","87","54","24","29.98","29.86","29.77","6","6","6","25","11","","0.00","4","Rain","37<br />","Tokyo (JPN)","Spring"
2015-03-24,"57","48","39","37","20","10","81","37","16","30.15","30.05","29.98","6","6","6","23","13","32","0.00","2","","324<br />","Tokyo (JPN)","Spring"
2015-03-25,"55","48","41","27","19","18","42","33","24","30.39","30.27","30.15","6","6","6","26","17","34","0.00","1","","328<br />","Tokyo (JPN)","Spring"
2015-03-26,"55","48","42","39","25","14","66","39","21","30.45","30.38","30.33","6","6","6","22","17","30","0.00","1","","316<br />","Tokyo (JPN)","Spring"
2015-03-27,"62","52","42","43","33","16","63","46","29","30.33","30.22","30.12","6","6","6","22","9","","0.00","1","","204<br />","Tokyo (JPN)","Spring"
2015-03-28,"66","56","46","46","40","28","71","53","26","30.12","30.05","29.98","6","6","6","20","10","28","0.00","4","","208<br />","Tokyo (JPN)","Spring"
2015-03-29,"68","60","53","54","47","36","88","65","44","30.01","29.94","29.83","6","6","6","26","12","37","0.00","4","Rain","218<br />","Tokyo (JPN)","Spring"
2015-03-30,"68","60","51","52","47","41","82","63","40","30.15","30.03","29.89","6","6","6","18","9","","0.00","1","","161<br />","Tokyo (JPN)","Spring"
2015-03-31,"69","60","51","54","50","46","88","67","46","30.15","30.04","29.92","6","6","4","26","15","36","0.00","1","","200<br />","Tokyo (JPN)","Spring"
2015-04-01,"66","57","48","57","51","46","94","82","68","29.92","29.82","29.68","6","4","2","26","13","","0.00","6","Rain","36<br />","Tokyo (JPN)","Spring"
2015-04-02,"59","52","46","46","43","39","93","72","54","30.15","30.07","29.92","6","6","6","20","14","29","0.00","3","","107<br />","Tokyo (JPN)","Spring"
2015-04-03,"69","62","55","63","58","46","94","83","72","30.06","29.80","29.65","6","6","2","33","20","46","0.00","5","Rain","202<br />","Tokyo (JPN)","Spring"
2015-04-04,"69","60","50","63","49","41","94","77","62","30.21","30.04","29.74","6","6","3","25","15","29","0.00","5","Rain","40<br />","Tokyo (JPN)","Spring"
2015-04-05,"53","52","50","52","48","43","100","90","76","30.18","30.00","29.89","6","4","1","13","7","","0.00","6","Rain","39<br />","Tokyo (JPN)","Spring"
2015-04-06,"69","61","53","59","54","52","100","91","60","29.89","29.85","29.80","6","2","0","21","4","","0.00","6","Fog-Rain","78<br />","Tokyo (JPN)","Spring"
2015-04-07,"55","50","46","54","49","45","94","90","82","30.15","29.99","29.89","6","5","2","21","17","","0.00","6","Rain","47<br />","Tokyo (JPN)","Spring"
2015-04-08,"48","42","37","45","38","36","93","88","76","30.33","30.23","30.12","6","6","2","25","20","","0.00","6","Rain","35<br />","Tokyo (JPN)","Spring"
2015-04-09,"51","46","41","41","36","32","81","68","54","30.39","30.34","30.30","6","6","6","20","15","","0.00","3","","36<br />","Tokyo (JPN)","Spring"
2015-04-10,"53","48","44","46","41","36","93","76","58","30.33","30.24","30.15","6","5","3","15","10","","0.00","6","Rain","356<br />","Tokyo (JPN)","Spring"
2015-04-11,"59","54","48","54","49","46","100","89","77","30.30","30.12","30.04","6","5","2","21","15","","0.00","6","Rain","8<br />","Tokyo (JPN)","Spring"
2015-04-12,"60","55","50","48","46","43","88","73","52","30.45","30.39","30.30","6","6","6","14","10","","0.00","1","","65<br />","Tokyo (JPN)","Spring"
2015-04-13,"51","50","48","48","48","46","100","90","82","30.39","30.19","29.95","6","4","2","23","15","","0.00","6","Rain","356<br />","Tokyo (JPN)","Spring"
2015-04-14,"57","54","50","55","53","48","100","95","88","29.95","29.81","29.68","6","4","1","16","9","","0.00","6","Rain","11<br />","Tokyo (JPN)","Spring"
2015-04-15,"68","60","53","55","49","39","100","68","46","29.74","29.60","29.47","6","6","2","30","16","41","0.00","3","Rain","218<br />","Tokyo (JPN)","Spring"
2015-04-16,"69","60","51","54","47","37","76","62","43","29.86","29.81","29.74","6","6","4","20","8","","0.00","3","","185<br />","Tokyo (JPN)","Spring"
2015-04-17,"71","61","51","59","52","45","82","67","53","29.98","29.79","29.71","6","6","5","26","15","37","0.00","3","Rain","221<br />","Tokyo (JPN)","Spring"
2015-04-18,"64","57","50","48","44","37","76","59","42","30.09","30.01","29.92","6","6","6","30","14","44","0.00","1","","185<br />","Tokyo (JPN)","Spring"
2015-04-19,"62","56","51","55","50","45","88","74","63","30.04","30.01","29.98","6","6","5","10","6","","0.00","6","Rain","145<br />","Tokyo (JPN)","Spring"
2015-04-20,"68","64","59","66","63","48","100","92","67","29.98","29.71","29.53","6","3","1","33","18","45","0.00","6","Rain","185<br />","Tokyo (JPN)","Spring"
2015-04-21,"66","62","57","66","59","48","100","86","67","30.04","29.68","29.47","6","6","2","24","16","34","0.00","6","Rain","122<br />","Tokyo (JPN)","Spring"
2015-04-22,"66","60","55","55","50","45","88","70","52","30.12","30.06","30.01","6","6","6","14","7","","0.00","5","Rain","71<br />","Tokyo (JPN)","Spring"
2015-04-23,"71","63","55","57","55","52","94","75","50","30.21","30.09","30.01","6","6","4","15","7","","0.00","2","","172<br />","Tokyo (JPN)","Spring"
2015-04-24,"69","64","59","59","57","54","94","77","64","30.18","30.05","29.92","6","6","4","26","13","37","0.00","2","","171<br />","Tokyo (JPN)","Spring"
2015-04-25,"68","64","59","57","50","41","88","64","48","30.12","30.02","29.92","6","6","6","20","10","","0.00","4","Rain","52<br />","Tokyo (JPN)","Spring"
2015-04-26,"71","64","57","55","48","41","77","58","33","30.15","30.10","30.04","6","6","6","22","10","","0.00","1","","131<br />","Tokyo (JPN)","Spring"
2015-04-27,"71","64","57","61","57","52","88","73","60","30.09","30.04","29.98","6","6","5","21","11","","0.00","1","","194<br />","Tokyo (JPN)","Spring"
2015-04-28,"75","68","60","63","59","57","88","74","53","30.06","30.04","30.01","6","5","2","20","11","","0.00","1","","193<br />","Tokyo (JPN)","Spring"
2015-04-29,"71","66","60","59","56","54","88","69","53","30.04","30.01","29.95","6","6","6","20","13","","0.00","2","","176<br />","Tokyo (JPN)","Spring"
2015-04-30,"71","66","60","59","57","54","83","73","57","30.01","29.98","29.92","6","6","6","17","6","","0.00","4","","58<br />","Tokyo (JPN)","Spring"
2015-05-01,"77","70","62","61","58","55","88","70","50","29.98","29.95","29.89","6","6","6","15","5","","0.00","1","","155<br />","Tokyo (JPN)","Spring"
2015-05-02,"78","69","60","63","60","57","94","76","50","30.04","30.00","29.95","6","6","6","13","5","","0.00","1","","130<br />","Tokyo (JPN)","Spring"
2015-05-03,"78","71","64","64","58","43","94","71","35","30.01","29.93","29.86","6","6","4","18","8","29","0.00","2","","137<br />","Tokyo (JPN)","Spring"
2015-05-04,"77","72","66","66","62","59","94","77","61","29.83","29.66","29.53","6","6","2","26","17","37","0.00","4","Rain","189<br />","Tokyo (JPN)","Spring"
2015-05-05,"69","64","60","66","48","39","94","54","37","29.92","29.72","29.53","6","6","4","24","16","33","0.00","5","","59<br />","Tokyo (JPN)","Spring"
2015-05-06,"73","64","55","54","47","41","77","53","38","29.92","29.90","29.86","6","6","6","21","8","","0.00","1","","176<br />","Tokyo (JPN)","Spring"
2015-05-07,"73","66","60","59","56","50","83","68","44","29.89","29.85","29.83","6","6","6","16","8","","0.00","5","Rain","197<br />","Tokyo (JPN)","Spring"
2015-05-08,"75","68","62","61","58","48","88","72","38","29.92","29.86","29.83","6","6","4","18","8","","0.00","2","","154<br />","Tokyo (JPN)","Spring"
2015-05-09,"69","66","62","61","59","55","88","79","64","29.89","29.84","29.77","6","6","4","16","9","21","0.00","6","Rain","173<br />","Tokyo (JPN)","Spring"
2015-05-10,"77","68","60","59","49","32","88","55","25","30.09","29.86","29.77","6","6","5","21","9","30","0.00","3","","10<br />","Tokyo (JPN)","Spring"
2015-05-11,"71","63","55","48","38","28","59","40","21","30.21","30.16","30.09","6","6","6","23","14","37","0.00","1","","143<br />","Tokyo (JPN)","Spring"
2015-05-12,"71","66","62","68","61","48","100","80","59","30.06","29.77","29.42","6","5","2","61","23","76","0.00","6","Rain","184<br />","Tokyo (JPN)","Spring"
2015-05-13,"78","72","66","68","55","46","94","56","32","29.80","29.60","29.44","6","6","6","37","22","56","0.00","1","Rain","195<br />","Tokyo (JPN)","Spring"
2015-05-14,"78","71","64","59","54","50","68","52","36","29.86","29.81","29.77","6","6","6","22","13","","0.00","3","","196<br />","Tokyo (JPN)","Spring"
2015-05-15,"78","73","68","66","60","52","94","69","44","29.92","29.81","29.71","6","6","4","22","10","34","0.00","1","","144<br />","Tokyo (JPN)","Spring"
2015-05-16,"73","70","68","68","66","63","100","87","78","29.71","29.60","29.56","6","4","2","15","10","","0.00","5","Rain","135<br />","Tokyo (JPN)","Spring"
2015-05-17,"80","73","66","66","60","43","94","72","26","29.92","29.77","29.65","6","5","2","20","10","","0.00","4","","111<br />","Tokyo (JPN)","Spring"
2015-05-18,"80","72","64","68","63","61","94","78","54","29.98","29.88","29.74","6","6","3","18","9","","0.00","4","Rain","161<br />","Tokyo (JPN)","Spring"
2015-05-19,"77","70","62","70","64","59","94","86","69","29.71","29.61","29.56","6","5","1","22","8","30","0.00","5","Rain","221<br />","Tokyo (JPN)","Spring"
2015-05-20,"77","72","66","66","64","61","94","79","57","29.65","29.57","29.44","6","5","2","14","8","","0.00","4","","86<br />","Tokyo (JPN)","Spring"
2015-05-21,"77","68","59","64","52","39","88","63","28","29.92","29.67","29.50","6","6","1","28","16","41","0.00","4","Rain-Thunderstorm","332<br />","Tokyo (JPN)","Spring"
2015-05-22,"73","68","62","59","56","50","83","64","46","29.98","29.91","29.86","6","6","6","25","12","30","0.00","1","","195<br />","Tokyo (JPN)","Spring"
2015-05-23,"75","68","62","61","57","54","78","66","50","29.92","29.88","29.83","6","6","6","21","11","","0.00","1","","194<br />","Tokyo (JPN)","Spring"
2015-05-24,"73","70","66","61","57","46","83","64","41","29.83","29.77","29.71","6","6","6","18","11","","0.00","5","Rain","163<br />","Tokyo (JPN)","Spring"
2015-05-25,"73","70","66","63","61","59","83","74","61","29.83","29.80","29.77","6","6","6","16","8","","0.00","4","","57<br />","Tokyo (JPN)","Spring"
2015-05-26,"82","73","64","63","58","46","83","63","28","29.80","29.75","29.68","6","6","6","20","10","","0.00","1","","116<br />","Tokyo (JPN)","Spring"
2015-05-27,"80","74","66","68","62","50","88","68","44","29.89","29.80","29.77","6","6","6","21","7","","0.00","2","","100<br />","Tokyo (JPN)","Spring"
2015-05-28,"80","73","66","64","62","59","88","73","51","29.98","29.94","29.89","6","6","6","15","11","","0.00","3","","97<br />","Tokyo (JPN)","Spring"
2015-05-29,"71","68","66","68","65","63","94","86","73","29.95","29.77","29.65","6","4","1","23","13","","0.00","5","Rain","25<br />","Tokyo (JPN)","Spring"
2015-05-30,"80","74","68","68","64","61","88","72","54","29.65","29.56","29.50","6","6","6","21","16","32","0.00","3","","169<br />","Tokyo (JPN)","Spring"
2015-05-31,"84","78","71","72","66","64","83","71","54","29.77","29.59","29.50","6","6","5","16","7","","0.00","2","","141<br />","Tokyo (JPN)","Spring"
2015-06-01,"78","74","69","64","59","54","83","61","47","29.92","29.87","29.77","6","6","6","16","11","","0.00","3","","113<br />","Tokyo (JPN)","Spring"
2015-06-02,"80","74","69","68","64","55","88","74","42","29.92","29.85","29.77","6","6","6","26","14","","0.00","2","","187<br />","Tokyo (JPN)","Spring"
2015-06-03,"73","70","68","68","68","66","100","90","78","29.74","29.54","29.44","6","4","1","20","10","29","0.00","6","Rain","195<br />","Tokyo (JPN)","Spring"
2015-06-04,"82","75","68","66","49","39","83","42","26","29.80","29.60","29.50","6","6","6","25","16","37","0.00","2","","321<br />","Tokyo (JPN)","Spring"
2015-06-05,"69","64","60","63","54","41","94","69","37","29.86","29.81","29.71","6","5","3","16","9","","0.00","6","Rain","57<br />","Tokyo (JPN)","Spring"
2015-06-06,"71","64","57","63","58","55","100","84","68","30.01","29.73","29.59","6","5","1","21","11","","0.00","6","Rain","40<br />","Tokyo (JPN)","Spring"
2015-06-07,"75","70","64","61","58","54","83","68","47","30.12","30.07","30.01","6","6","6","17","7","","0.00","3","","165<br />","Tokyo (JPN)","Spring"
2015-06-08,"75","70","64","63","60","55","88","72","53","30.09","30.04","29.92","6","6","6","16","10","","0.00","2","Rain","154<br />","Tokyo (JPN)","Spring"
2015-06-09,"71","68","64","68","65","63","100","90","78","29.92","29.64","29.53","6","4","1","18","12","","0.00","6","Rain","35<br />","Tokyo (JPN)","Spring"
2015-06-10,"80","73","66","68","65","55","100","77","53","29.83","29.76","29.65","6","6","2","15","5","","0.00","1","","122<br />","Tokyo (JPN)","Spring"
2015-06-11,"78","74","69","68","66","63","94","80","65","29.89","29.81","29.74","6","6","6","15","7","","0.00","3","Rain","148<br />","Tokyo (JPN)","Spring"
2015-06-12,"75","70","66","70","67","64","100","89","78","29.74","29.66","29.62","6","5","2","14","8","","0.00","6","Rain","73<br />","Tokyo (JPN)","Spring"
2015-06-13,"82","76","69","70","69","68","100","87","62","29.83","29.78","29.71","6","4","2","16","8","","0.00","5","Rain","133<br />","Tokyo (JPN)","Spring"
2015-06-14,"77","73","69","70","67","63","94","83","65","29.86","29.82","29.77","6","5","2","16","9","","0.00","5","Rain","196<br />","Tokyo (JPN)","Spring"
2015-06-15,"84","76","68","70","66","64","94","77","51","29.80","29.76","29.71","6","5","3","17","6","","0.00","1","","167<br />","Tokyo (JPN)","Spring"
2015-06-16,"77","73","69","70","67","66","94","82","73","29.74","29.69","29.62","6","5","3","15","6","","0.00","5","","144<br />","Tokyo (JPN)","Spring"
2015-06-17,"78","74","69","68","67","64","94","83","61","29.80","29.69","29.62","6","6","4","13","7","","0.00","5","Rain","56<br />","Tokyo (JPN)","Spring"
2015-06-18,"75","70","66","68","65","63","94","82","69","29.89","29.84","29.80","6","5","2","22","11","","0.00","5","Rain","93<br />","Tokyo (JPN)","Spring"
2015-06-19,"69","68","66","66","64","63","94","89","78","29.86","29.77","29.71","6","5","2","24","14","","0.00","6","Rain","47<br />","Tokyo (JPN)","Spring"
2015-06-20,"78","72","66","64","62","59","88","73","54","29.83","29.77","29.71","6","6","6","18","12","30","0.00","3","","130<br />","Tokyo (JPN)","Spring"
2015-06-21,"73","70","66","66","65","63","88","81","69","29.86","29.83","29.80","6","6","6","12","8","22","0.00","6","Rain","182<br />","Tokyo (JPN)","Summer"
2015-06-22,"78","72","66","68","66","63","94","81","57","29.89","29.87","29.83","6","6","6","16","6","","0.00","4","Rain","118<br />","Tokyo (JPN)","Summer"
2015-06-23,"80","74","68","70","67","64","94","79","61","29.92","29.87","29.83","6","6","4","20","10","30","0.00","4","Rain-Thunderstorm","177<br />","Tokyo (JPN)","Summer"
2015-06-24,"82","75","68","68","66","63","94","75","54","29.86","29.82","29.77","6","6","4","17","7","","0.00","1","Rain","136<br />","Tokyo (JPN)","Summer"
2015-06-25,"80","76","71","70","68","66","94","79","65","29.83","29.77","29.71","6","6","4","17","8","","0.00","1","","104<br />","Tokyo (JPN)","Summer"
2015-06-26,"75","72","69","70","68","66","94","87","78","29.74","29.66","29.56","6","6","4","14","8","","0.00","5","Rain","117<br />","Tokyo (JPN)","Summer"
2015-06-27,"77","73","69","72","71","68","100","93","78","29.53","29.43","29.36","6","5","1","12","7","","0.00","5","Rain","63<br />","Tokyo (JPN)","Summer"
2015-06-28,"82","74","66","72","67","61","94","79","48","29.74","29.53","29.39","6","6","6","25","9","","0.00","4","","96<br />","Tokyo (JPN)","Summer"
2015-06-29,"77","72","66","64","62","59","83","74","57","29.86","29.81","29.74","6","6","6","16","11","","0.00","3","","121<br />","Tokyo (JPN)","Summer"
2015-06-30,"77","72","68","66","65","63","88","78","69","29.83","29.68","29.56","6","6","6","17","11","","0.00","5","Rain","148<br />","Tokyo (JPN)","Summer"
2015-07-01,"78","73","68","75","69","64","100","93","83","29.53","29.36","29.21","6","5","1","23","9","33","0.00","6","Rain","129<br />","Tokyo (JPN)","Summer"
2015-07-02,"75","73","71","72","69","68","94","88","78","29.68","29.56","29.42","6","5","2","16","7","","0.00","5","Rain","147<br />","Tokyo (JPN)","Summer"
2015-07-03,"77","73","69","72","70","68","100","95","83","29.71","29.68","29.65","6","3","0","17","8","","0.00","6","Rain","157<br />","Tokyo (JPN)","Summer"
2015-07-04,"78","74","69","72","70","68","100","90","74","29.86","29.76","29.65","6","5","2","18","8","","0.00","6","Rain","202<br />","Tokyo (JPN)","Summer"
2015-07-05,"71","68","66","68","66","66","100","93","83","29.89","29.85","29.80","6","4","2","12","7","","0.00","7","Rain","34<br />","Tokyo (JPN)","Summer"
2015-07-06,"69","68","68","68","66","64","100","94","88","29.92","29.89","29.86","6","4","2","12","8","","0.00","6","Rain","48<br />","Tokyo (JPN)","Summer"
2015-07-07,"71","70","68","70","68","64","100","92","83","29.95","29.91","29.86","6","5","2","7","5","","0.00","6","Rain","96<br />","Tokyo (JPN)","Summer"
2015-07-08,"77","72","68","72","70","66","100","94","78","29.98","29.96","29.92","6","3","1","15","5","","0.00","6","Rain","78<br />","Tokyo (JPN)","Summer"
2015-07-09,"69","68","68","66","66","64","94","94","88","30.04","29.99","29.95","6","5","2","16","11","","0.00","6","Rain","29<br />","Tokyo (JPN)","Summer"
2015-07-10,"82","74","66","70","67","61","94","81","62","30.01","29.97","29.89","6","6","5","15","7","","0.00","3","Rain","132<br />","Tokyo (JPN)","Summer"
2015-07-11,"84","78","71","73","71","70","94","81","62","29.95","29.89","29.83","6","6","5","18","10","24","0.00","2","","188<br />","Tokyo (JPN)","Summer"
2015-07-12,"86","80","75","75","73","72","89","80","66","29.86","29.80","29.74","6","6","4","20","10","","0.00","1","","183<br />","Tokyo (JPN)","Summer"
2015-07-13,"91","84","78","77","74","72","84","71","59","29.77","29.69","29.65","6","6","6","28","17","39","0.00","1","","197<br />","Tokyo (JPN)","Summer"
2015-07-14,"89","84","78","75","73","70","84","69","55","29.71","29.68","29.65","6","6","6","32","23","41","0.00","1","","197<br />","Tokyo (JPN)","Summer"
2015-07-15,"89","83","77","75","72","68","89","72","55","29.80","29.76","29.71","6","6","6","25","17","36","0.00","2","Rain","189<br />","Tokyo (JPN)","Summer"
2015-07-16,"86","82","77","79","76","73","100","89","74","29.80","29.72","29.68","6","5","1","29","14","38","0.00","6","Rain","138<br />","Tokyo (JPN)","Summer"
2015-07-17,"86","80","73","79","75","72","100","86","70","29.83","29.75","29.68","6","5","2","31","20","43","0.00","4","Rain","177<br />","Tokyo (JPN)","Summer"
2015-07-18,"86","82","78","77","75","73","89","81","66","29.83","29.80","29.77","6","6","6","24","19","37","0.00","3","Rain","195<br />","Tokyo (JPN)","Summer"
2015-07-19,"89","84","78","75","74","73","83","72","59","29.89","29.86","29.83","6","6","6","22","16","32","0.00","3","","203<br />","Tokyo (JPN)","Summer"
2015-07-20,"87","84","80","79","75","70","84","76","62","29.95","29.91","29.89","6","6","6","17","9","","0.00","2","","175<br />","Tokyo (JPN)","Summer"
2015-07-21,"91","86","80","77","73","70","84","69","52","29.92","29.87","29.83","6","6","6","26","13","36","0.00","1","","192<br />","Tokyo (JPN)","Summer"
2015-07-22,"89","84","78","75","71","68","84","64","52","29.89","29.85","29.83","6","6","6","31","21","40","0.00","1","","202<br />","Tokyo (JPN)","Summer"
2015-07-23,"86","82","77","77","74","72","94","80","66","29.86","29.81","29.74","6","6","5","24","18","34","0.00","5","Rain","204<br />","Tokyo (JPN)","Summer"
2015-07-24,"89","83","77","81","76","73","94","82","62","29.83","29.80","29.77","6","6","2","13","6","","0.00","4","Rain-Thunderstorm","177<br />","Tokyo (JPN)","Summer"
2015-07-25,"87","82","77","79","76","75","94","82","66","29.83","29.79","29.74","6","6","4","21","8","","0.00","1","","163<br />","Tokyo (JPN)","Summer"
2015-07-26,"95","86","78","81","77","75","94","78","53","29.83","29.81","29.77","6","6","5","15","7","","0.00","1","","149<br />","Tokyo (JPN)","Summer"
2015-07-27,"91","84","78","79","77","75","89","77","59","29.80","29.73","29.65","6","5","4","21","8","31","0.00","1","","152<br />","Tokyo (JPN)","Summer"
2015-07-28,"89","84","80","79","77","75","89","78","62","29.74","29.68","29.65","6","6","6","14","9","","0.00","3","","136<br />","Tokyo (JPN)","Summer"
2015-07-29,"89","84","80","79","76","73","89","77","66","29.77","29.73","29.71","6","6","4","14","7","","0.00","5","","99<br />","Tokyo (JPN)","Summer"
2015-07-30,"91","86","80","79","77","73","94","77","62","29.80","29.77","29.74","6","6","4","15","7","","0.00","3","Rain","158<br />","Tokyo (JPN)","Summer"
2015-07-31,"93","86","80","81","77","73","94","77","52","29.83","29.79","29.77","6","6","3","17","7","","0.00","1","","188<br />","Tokyo (JPN)","Summer"
2015-08-01,"95","88","80","81","79","77","94","80","59","29.86","29.82","29.77","6","4","2","18","10","","0.00","2","","181<br />","Tokyo (JPN)","Summer"
2015-08-02,"91","86","80","79","78","75","89","78","63","29.92","29.87","29.83","6","5","4","22","10","","0.00","1","","182<br />","Tokyo (JPN)","Summer"
2015-08-03,"91","86","80","79","77","73","94","78","55","29.89","29.86","29.83","6","5","3","23","12","33","0.00","2","","180<br />","Tokyo (JPN)","Summer"
2015-08-04,"91","86","80","79","77","72","89","74","59","29.83","29.82","29.77","6","6","4","23","14","33","0.00","1","","191<br />","Tokyo (JPN)","Summer"
2015-08-05,"93","88","82","79","77","75","84","75","63","29.86","29.82","29.80","6","6","6","26","15","31","0.00","1","","190<br />","Tokyo (JPN)","Summer"
2015-08-06,"93","88","82","79","77","75","89","74","59","29.95","29.88","29.83","6","6","6","21","14","","0.00","1","","189<br />","Tokyo (JPN)","Summer"
2015-08-07,"95","88","80","81","77","73","89","72","53","29.98","29.94","29.89","6","6","6","15","7","","0.00","1","","135<br />","Tokyo (JPN)","Summer"
2015-08-08,"87","82","77","77","74","72","89","78","62","29.98","29.94","29.89","6","6","5","21","13","","0.00","5","","59<br />","Tokyo (JPN)","Summer"
2015-08-09,"89","83","77","77","73","70","89","74","58","29.92","29.84","29.80","6","6","6","16","11","","0.00","3","","59<br />","Tokyo (JPN)","Summer"
2015-08-10,"87","82","78","79","77","75","94","83","70","29.83","29.77","29.71","6","6","2","22","12","","0.00","4","Rain","46<br />","Tokyo (JPN)","Summer"
2015-08-11,"91","84","78","77","76","75","94","77","62","29.74","29.68","29.62","6","6","6","16","11","","0.00","1","","57<br />","Tokyo (JPN)","Summer"
2015-08-12,"93","86","80","79","76","72","94","76","52","29.71","29.67","29.62","6","6","6","15","9","","0.00","4","Rain","114<br />","Tokyo (JPN)","Summer"
2015-08-13,"86","82","78","79","76","72","94","84","66","29.65","29.61","29.53","6","5","3","21","11","","0.00","5","Rain","164<br />","Tokyo (JPN)","Summer"
2015-08-14,"87","82","77","77","76","73","94","85","66","29.71","29.61","29.56","6","6","3","20","9","","0.00","5","Rain-Thunderstorm","46<br />","Tokyo (JPN)","Summer"
2015-08-15,"91","84","77","75","74","72","89","77","55","29.77","29.73","29.68","6","6","6","17","9","","0.00","3","Rain","135<br />","Tokyo (JPN)","Summer"
2015-08-16,"86","82","77","77","76","73","94","84","70","29.83","29.79","29.74","6","6","4","18","10","","0.00","3","Rain-Thunderstorm","81<br />","Tokyo (JPN)","Summer"
2015-08-17,"84","80","75","79","77","73","100","91","79","29.80","29.75","29.68","6","5","1","26","14","38","0.00","5","Rain-Thunderstorm","152<br />","Tokyo (JPN)","Summer"
2015-08-18,"87","84","80","79","76","73","89","79","66","29.80","29.75","29.71","6","6","6","23","17","36","0.00","4","Rain","200<br />","Tokyo (JPN)","Summer"
2015-08-19,"86","82","78","77","74","70","94","78","62","29.92","29.88","29.80","6","6","6","14","7","","0.00","4","Rain","88<br />","Tokyo (JPN)","Summer"
2015-08-20,"80","78","77","77","76","73","94","89","79","29.89","29.84","29.80","6","6","2","9","6","","0.00","6","Rain","96<br />","Tokyo (JPN)","Summer"
2015-08-21,"86","82","77","77","75","73","94","82","66","29.80","29.70","29.62","6","6","4","14","9","","0.00","5","Rain","111<br />","Tokyo (JPN)","Summer"
2015-08-22,"87","84","80","79","77","75","89","79","70","29.62","29.56","29.50","6","6","6","24","14","30","0.00","2","","178<br />","Tokyo (JPN)","Summer"
2015-08-23,"84","80","75","77","74","70","94","82","70","29.71","29.63","29.56","6","6","6","26","12","33","0.00","4","","50<br />","Tokyo (JPN)","Summer"
2015-08-24,"80","76","71","70","67","64","83","73","58","29.83","29.74","29.68","6","6","6","25","18","","0.00","6","","37<br />","Tokyo (JPN)","Summer"
2015-08-25,"73","70","68","64","63","61","83","74","69","29.89","29.84","29.80","6","6","4","21","16","","0.00","6","Rain","49<br />","Tokyo (JPN)","Summer"
2015-08-26,"71","68","66","70","66","63","100","94","88","29.83","29.73","29.68","6","4","1","20","13","","0.00","6","Rain","336<br />","Tokyo (JPN)","Summer"
2015-08-27,"78","74","71","72","69","66","88","82","69","29.83","29.78","29.74","6","6","6","17","11","","0.00","6","Rain","34<br />","Tokyo (JPN)","Summer"
2015-08-28,"73","71","69","68","67","66","94","86","78","29.92","29.87","29.83","6","6","2","17","15","","0.00","6","Rain","14<br />","Tokyo (JPN)","Summer"
2015-08-29,"71","70","68","68","67","66","94","92","83","29.92","29.89","29.86","6","5","1","15","12","","0.00","6","Rain","346<br />","Tokyo (JPN)","Summer"
2015-08-30,"73","71","69","72","68","66","100","89","83","29.92","29.88","29.83","6","6","4","13","7","","0.00","6","Rain","34<br />","Tokyo (JPN)","Summer"
2015-08-31,"75","72","69","72","70","70","100","93","83","29.98","29.95","29.89","6","6","2","13","9","","0.00","6","Rain","41<br />","Tokyo (JPN)","Summer"
2015-09-01,"78","74","71","77","72","70","100","91","88","30.01","29.95","29.86","6","5","3","17","6","","0.00","5","Rain-Thunderstorm","97<br />","Tokyo (JPN)","Summer"
2015-09-02,"86","82","77","77","75","68","94","84","62","29.86","29.81","29.74","6","6","2","29","20","38","0.00","3","Rain","196<br />","Tokyo (JPN)","Summer"
2015-09-03,"86","80","75","73","71","68","89","76","65","29.92","29.86","29.80","6","6","6","21","8","","0.00","4","Rain","222<br />","Tokyo (JPN)","Summer"
2015-09-04,"84","78","73","75","72","68","94","80","62","29.80","29.74","29.71","6","6","4","20","13","31","0.00","3","Rain-Thunderstorm","202<br />","Tokyo (JPN)","Summer"
2015-09-05,"82","78","75","72","69","66","89","76","62","29.86","29.83","29.77","6","6","6","16","9","","0.00","5","","58<br />","Tokyo (JPN)","Summer"
2015-09-06,"82","78","73","75","72","68","94","87","66","29.83","29.73","29.62","6","5","2","29","9","39","0.00","6","Rain","102<br />","Tokyo (JPN)","Summer"
2015-09-07,"80","76","71","75","73","70","100","93","79","29.83","29.67","29.59","6","5","1","22","11","","0.00","5","Rain-Thunderstorm","146<br />","Tokyo (JPN)","Summer"
2015-09-08,"71","70","68","70","68","66","100","95","88","29.92","29.88","29.83","6","4","1","22","13","","0.00","6","Rain","19<br />","Tokyo (JPN)","Summer"
2015-09-09,"78","73","68","75","73","66","100","96","83","29.86","29.75","29.68","6","4","1","29","15","31","0.00","6","Rain","129<br />","Tokyo (JPN)","Summer"
2015-09-10,"75","72","68","75","71","66","100","96","88","29.77","29.73","29.68","6","5","1","17","5","","0.00","6","Rain-Thunderstorm","52<br />","Tokyo (JPN)","Summer"
2015-09-11,"80","74","68","73","69","66","100","83","70","29.74","29.64","29.59","6","6","6","13","8","","0.00","3","Rain","137<br />","Tokyo (JPN)","Summer"
2015-09-12,"84","78","71","73","70","68","100","81","62","29.83","29.78","29.74","6","6","6","20","7","","0.00","1","","147<br />","Tokyo (JPN)","Summer"
2015-09-13,"82","78","75","72","70","68","89","78","65","29.95","29.85","29.80","6","6","6","23","16","30","0.00","3","Rain","199<br />","Tokyo (JPN)","Summer"
2015-09-14,"77","73","69","72","66","63","89","78","61","30.15","30.07","29.95","6","6","6","22","11","","0.00","3","","36<br />","Tokyo (JPN)","Summer"
2015-09-15,"78","74","69","66","64","61","88","73","61","30.18","30.12","30.06","6","6","6","17","13","","0.00","1","","51<br />","Tokyo (JPN)","Summer"
2015-09-16,"75","70","66","64","63","61","88","75","61","30.12","30.09","30.06","6","6","6","15","11","","0.00","5","Rain","46<br />","Tokyo (JPN)","Summer"
2015-09-17,"68","65","62","66","64","61","100","97","88","30.06","29.99","29.89","6","3","1","18","14","","0.00","6","Rain","355<br />","Tokyo (JPN)","Summer"
2015-09-18,"73","70","66","73","68","64","100","95","83","29.89","29.83","29.77","6","5","2","16","7","","0.00","5","Rain-Thunderstorm","39<br />","Tokyo (JPN)","Summer"
2015-09-19,"78","74","69","72","69","59","100","83","54","29.77","29.73","29.68","6","6","3","12","6","","0.00","3","","30<br />","Tokyo (JPN)","Summer"
2015-09-20,"78","74","71","70","63","59","88","68","57","29.86","29.78","29.74","6","6","6","16","12","","0.00","3","","36<br />","Tokyo (JPN)","Summer"
2015-09-21,"78","74","69","68","65","63","88","76","61","29.98","29.90","29.86","6","6","6","13","8","","0.00","3","","73<br />","Tokyo (JPN)","Summer"
2015-09-22,"78","74","69","66","63","57","88","70","54","30.06","30.02","29.98","6","6","6","17","8","","0.00","2","","75<br />","Tokyo (JPN)","Summer"
2015-09-23,"78","73","68","66","61","57","88","65","50","30.06","30.01","29.95","6","6","6","13","6","","0.00","1","","53<br />","Tokyo (JPN)","Autumn"
2015-09-24,"75","72","68","66","65","63","94","82","69","29.95","29.89","29.80","6","6","6","15","9","","0.00","5","Rain","28<br />","Tokyo (JPN)","Autumn"
2015-09-25,"69","66","62","66","65","63","100","97","83","29.80","29.73","29.68","6","4","1","18","15","","0.00","6","Rain","1<br />","Tokyo (JPN)","Autumn"
2015-09-26,"73","68","64","70","67","64","100","92","78","29.83","29.77","29.71","6","6","2","16","10","","0.00","6","Rain","32<br />","Tokyo (JPN)","Autumn"
2015-09-27,"73","71","69","70","69","68","100","91","83","29.95","29.85","29.80","6","6","2","13","8","","0.00","5","Rain","57<br />","Tokyo (JPN)","Autumn"
2015-09-28,"80","74","69","70","67","55","100","79","50","30.01","29.96","29.92","6","6","6","20","7","","0.00","3","","139<br />","Tokyo (JPN)","Autumn"
2015-09-29,"77","74","71","59","53","43","64","48","33","30.09","30.05","29.98","6","6","6","18","13","","0.00","5","","18<br />","Tokyo (JPN)","Autumn"
2015-09-30,"75","70","66","57","47","37","60","44","25","30.21","30.14","30.09","6","6","6","22","17","33","0.00","2","","315<br />","Tokyo (JPN)","Autumn"
2015-10-01,"73","66","60","70","62","50","100","78","56","30.12","29.89","29.59","6","6","2","32","13","44","0.00","5","Rain","196<br />","Tokyo (JPN)","Autumn"
2015-10-02,"82","75","68","75","67","59","100","80","48","29.89","29.60","29.36","6","5","1","39","20","54","0.00","5","Rain-Thunderstorm","251<br />","Tokyo (JPN)","Autumn"
2015-10-03,"78","73","68","68","62","57","88","71","57","29.98","29.93","29.89","6","6","6","15","8","","0.00","2","","80<br />","Tokyo (JPN)","Autumn"
2015-10-04,"77","72","66","66","62","55","88","73","57","30.18","30.08","29.98","6","6","6","23","10","","0.00","3","Rain","45<br />","Tokyo (JPN)","Autumn"
2015-10-05,"68","65","62","55","51","46","68","60","52","30.24","30.18","30.12","6","6","6","22","16","","0.00","6","Rain","37<br />","Tokyo (JPN)","Autumn"
2015-10-06,"71","66","60","57","54","52","77","67","50","30.15","30.07","30.01","6","6","6","25","14","","0.00","3","","27<br />","Tokyo (JPN)","Autumn"
2015-10-07,"69","64","59","54","48","43","77","56","40","30.01","29.86","29.71","6","6","6","28","20","38","0.00","1","","11<br />","Tokyo (JPN)","Autumn"
2015-10-08,"77","68","59","46","40","37","59","36","24","29.68","29.58","29.50","6","6","6","25","17","37","0.00","1","","323<br />","Tokyo (JPN)","Autumn"
2015-10-09,"77","68","60","59","48","37","78","48","29","29.80","29.71","29.59","6","6","6","20","12","29","0.00","1","","230<br />","Tokyo (JPN)","Autumn"
2015-10-10,"69","64","60","64","58","54","94","76","68","29.95","29.90","29.80","6","5","4","17","7","","0.00","5","Rain","211<br />","Tokyo (JPN)","Autumn"
2015-10-11,"73","68","64","66","62","57","100","80","57","29.92","29.80","29.71","6","6","2","25","13","36","0.00","6","Rain","211<br />","Tokyo (JPN)","Autumn"
2015-10-12,"73","68","62","63","58","50","94","71","44","29.89","29.85","29.80","6","5","2","17","7","","0.00","2","","329<br />","Tokyo (JPN)","Autumn"
2015-10-13,"73","66","60","59","55","46","88","67","43","29.95","29.87","29.80","6","6","6","18","7","","0.00","2","","17<br />","Tokyo (JPN)","Autumn"
2015-10-14,"71","66","62","57","50","46","73","55","43","30.09","30.03","29.95","6","6","6","16","10","","0.00","4","","69<br />","Tokyo (JPN)","Autumn"
2015-10-15,"71","66","60","63","54","46","83","65","52","30.15","30.11","30.06","6","6","6","16","8","","0.00","3","","33<br />","Tokyo (JPN)","Autumn"
2015-10-16,"66","63","60","63","60","57","100","92","82","30.12","30.09","30.04","6","5","2","18","13","","0.00","6","Rain","3<br />","Tokyo (JPN)","Autumn"
2015-10-17,"68","65","62","64","62","61","94","91","83","30.09","30.06","30.04","6","5","2","17","13","","0.00","6","Rain","5<br />","Tokyo (JPN)","Autumn"
2015-10-18,"71","68","64","63","61","59","94","82","64","30.06","30.01","29.95","6","6","6","16","10","","0.00","3","","59<br />","Tokyo (JPN)","Autumn"
2015-10-19,"73","68","62","61","59","54","88","74","56","30.04","30.00","29.95","6","6","6","16","8","","0.00","1","","43<br />","Tokyo (JPN)","Autumn"
2015-10-20,"73","68","64","63","60","57","88","78","57","29.98","29.95","29.89","6","5","4","12","6","","0.00","2","","70<br />","Tokyo (JPN)","Autumn"
2015-10-21,"66","64","62","61","57","50","88","76","56","30.12","30.07","29.98","6","6","6","20","9","","0.00","3","","40<br />","Tokyo (JPN)","Autumn"
2015-10-22,"69","64","59","61","57","54","88","77","64","30.12","30.06","30.01","6","6","6","21","7","","0.00","3","","49<br />","Tokyo (JPN)","Autumn"
2015-10-23,"69","66","62","61","57","55","83","75","64","30.15","30.09","30.06","6","6","6","13","10","","0.00","5","Rain","44<br />","Tokyo (JPN)","Autumn"
2015-10-24,"73","66","60","63","60","57","94","78","65","30.06","29.89","29.74","6","6","5","21","7","33","0.00","2","","168<br />","Tokyo (JPN)","Autumn"
2015-10-25,"68","62","57","55","34","27","68","36","26","30.06","29.95","29.77","6","6","6","36","23","50","0.00","1","","336<br />","Tokyo (JPN)","Autumn"
2015-10-26,"64","60","55","55","39","27","77","46","31","30.18","30.12","30.06","6","6","6","22","14","","0.00","2","","35<br />","Tokyo (JPN)","Autumn"
2015-10-27,"75","65","55","64","57","46","94","71","50","30.12","29.96","29.83","6","6","6","29","12","38","0.00","3","Rain","199<br />","Tokyo (JPN)","Autumn"
2015-10-28,"75","70","64","66","62","57","94","78","61","29.89","29.77","29.68","6","6","6","21","10","","0.00","3","Rain","111<br />","Tokyo (JPN)","Autumn"
2015-10-29,"66","63","60","59","55","54","88","74","68","30.04","29.99","29.89","6","6","6","18","12","","0.00","6","Rain","63<br />","Tokyo (JPN)","Autumn"
2015-10-30,"68","64","60","59","51","43","83","63","43","30.06","30.02","29.98","6","6","6","13","6","","0.00","4","","51<br />","Tokyo (JPN)","Autumn"
2015-10-31,"60","58","57","52","49","43","77","69","55","30.24","30.17","30.09","6","6","6","17","12","","0.00","4","Rain","34<br />","Tokyo (JPN)","Autumn"
2015-11-01,"60","56","53","52","44","39","72","61","45","30.33","30.27","30.24","6","6","6","12","8","","0.00","2","","52<br />","Tokyo (JPN)","Autumn"
2015-11-02,"62","56","51","59","53","48","100","89","67","30.24","30.05","29.92","6","4","1","21","11","33","0.00","6","Rain","355<br />","Tokyo (JPN)","Autumn"
2015-11-03,"69","63","57","59","51","39","94","67","35","30.39","30.15","29.98","6","6","5","18","12","","0.00","3","Rain","2<br />","Tokyo (JPN)","Autumn"
2015-11-04,"64","58","51","54","46","41","72","59","45","30.51","30.43","30.39","6","6","6","12","8","","0.00","1","","31<br />","Tokyo (JPN)","Autumn"
2015-11-05,"66","60","55","59","51","46","94","70","52","30.39","30.32","30.24","6","6","6","9","5","","0.00","1","","6<br />","Tokyo (JPN)","Autumn"
2015-11-06,"68","64","59","57","52","48","82","68","49","30.27","30.24","30.18","6","6","6","13","6","","0.00","1","","32<br />","Tokyo (JPN)","Autumn"
2015-11-07,"68","62","57","59","56","52","88","77","68","30.36","30.32","30.27","6","6","6","18","7","","0.00","4","","35<br />","Tokyo (JPN)","Autumn"
2015-11-08,"66","62","59","64","58","55","100","92","82","30.33","30.15","29.95","6","4","2","17","7","28","0.00","6","Rain","25<br />","Tokyo (JPN)","Autumn"
2015-11-09,"75","70","66","68","67","63","100","89","78","29.95","29.84","29.77","6","6","2","22","15","32","0.00","6","Rain","215<br />","Tokyo (JPN)","Autumn"
2015-11-10,"66","63","60","64","61","54","100","90","77","30.09","29.91","29.77","6","6","3","20","9","","0.00","6","Rain","21<br />","Tokyo (JPN)","Autumn"
2015-11-11,"62","60","57","55","48","43","82","65","55","30.39","30.27","30.09","6","6","6","17","12","","0.00","5","Rain","58<br />","Tokyo (JPN)","Autumn"
2015-11-12,"60","58","55","50","47","45","77","68","59","30.48","30.43","30.39","6","6","6","20","14","","0.00","5","","33<br />","Tokyo (JPN)","Autumn"
2015-11-13,"60","56","53","54","49","45","82","73","63","30.48","30.40","30.33","6","6","6","18","13","","0.00","6","Rain","19<br />","Tokyo (JPN)","Autumn"
2015-11-14,"59","57","55","57","55","52","100","92","82","30.33","30.16","29.95","6","4","2","20","12","","0.00","6","Rain","344<br />","Tokyo (JPN)","Autumn"
2015-11-15,"68","62","57","63","58","52","100","90","56","29.98","29.86","29.77","6","5","2","15","8","","0.00","5","Rain","293<br />","Tokyo (JPN)","Autumn"
2015-11-16,"69","63","57","61","56","52","88","77","64","30.15","30.10","29.98","6","6","6","13","6","","0.00","3","Rain","56<br />","Tokyo (JPN)","Autumn"
2015-11-17,"75","68","60","63","61","57","94","81","53","30.09","30.04","29.98","6","6","4","15","6","","0.00","5","Rain","268<br />","Tokyo (JPN)","Autumn"
2015-11-18,"68","64","60","63","61","59","100","93","73","30.09","29.98","29.80","6","4","2","21","8","","0.00","5","Rain","26<br />","Tokyo (JPN)","Autumn"
2015-11-19,"62","60","57","59","52","46","100","79","59","30.18","30.01","29.83","6","6","2","25","17","","0.00","5","Rain","37<br />","Tokyo (JPN)","Autumn"
2015-11-20,"60","58","57","54","51","46","82","78","63","30.18","30.12","30.06","6","6","6","12","8","","0.00","5","Rain","14<br />","Tokyo (JPN)","Autumn"
2015-11-21,"68","60","53","57","51","48","88","71","49","30.33","30.19","30.09","6","6","6","21","10","","0.00","3","","30<br />","Tokyo (JPN)","Autumn"
2015-11-22,"59","57","55","50","49","46","77","71","67","30.39","30.35","30.30","6","6","6","15","12","","0.00","5","","16<br />","Tokyo (JPN)","Autumn"
2015-11-23,"57","56","55","54","50","46","94","83","72","30.36","30.25","30.09","6","6","4","16","13","","0.00","6","Rain","346<br />","Tokyo (JPN)","Autumn"
2015-11-24,"64","60","55","57","50","37","100","75","42","30.06","29.95","29.83","6","6","4","31","9","41","0.00","3","Rain","358<br />","Tokyo (JPN)","Autumn"
2015-11-25,"55","50","44","46","43","39","93","79","54","30.09","30.03","29.98","6","5","2","23","16","","0.00","6","Rain","18<br />","Tokyo (JPN)","Autumn"
2015-11-26,"53","48","44","50","46","43","100","90","77","29.95","29.76","29.65","6","6","2","23","17","32","0.00","6","Rain","343<br />","Tokyo (JPN)","Autumn"
2015-11-27,"59","54","50","48","25","10","94","36","15","30.04","29.77","29.62","6","6","6","21","12","32","0.00","1","","273<br />","Tokyo (JPN)","Autumn"
2015-11-28,"59","50","41","41","35","30","70","54","34","30.18","30.10","30.04","6","6","6","9","5","","0.00","1","","44<br />","Tokyo (JPN)","Autumn"
2015-11-29,"57","50","44","45","39","34","76","59","41","30.30","30.23","30.18","6","6","6","17","8","","0.00","3","","30<br />","Tokyo (JPN)","Autumn"
2015-11-30,"55","50","46","45","41","37","76","66","58","30.24","30.15","30.06","6","6","6","12","8","","0.00","2","","351<br />","Tokyo (JPN)","Autumn"
2015-12-01,"59","52","46","50","43","37","87","67","51","30.30","30.16","30.06","6","6","6","18","7","","0.00","2","","40<br />","Tokyo (JPN)","Autumn"
2015-12-02,"53","50","48","46","42","37","87","71","54","30.33","30.21","30.01","6","6","3","13","10","","0.00","6","Rain","356<br />","Tokyo (JPN)","Autumn"
2015-12-03,"59","54","50","55","49","36","100","88","47","29.98","29.62","29.44","6","4","1","14","6","","0.00","6","Rain","344<br />","Tokyo (JPN)","Autumn"
2015-12-04,"57","54","50","34","29","23","54","41","29","29.80","29.65","29.50","6","6","6","28","20","39","0.00","1","","227<br />","Tokyo (JPN)","Autumn"
2015-12-05,"60","52","44","45","35","28","72","51","29","29.98","29.89","29.80","6","6","6","16","8","","0.00","1","","218<br />","Tokyo (JPN)","Autumn"
2015-12-06,"57","52","48","41","33","27","67","46","33","30.27","30.16","30.01","6","6","6","21","9","","0.00","5","","357<br />","Tokyo (JPN)","Autumn"
2015-12-07,"53","50","48","39","35","28","66","54","41","30.33","30.30","30.24","6","6","6","16","12","","0.00","3","","27<br />","Tokyo (JPN)","Autumn"
2015-12-08,"51","48","46","39","36","32","71","61","50","30.42","30.34","30.27","6","6","6","18","14","","0.00","5","Rain","18<br />","Tokyo (JPN)","Autumn"
2015-12-09,"53","46","39","43","36","32","76","64","47","30.54","30.47","30.42","6","6","6","14","9","","0.00","1","","35<br />","Tokyo (JPN)","Autumn"
2015-12-10,"55","50","44","50","42","36","94","72","54","30.48","30.29","30.04","6","4","1","8","5","","0.00","4","Rain","6<br />","Tokyo (JPN)","Autumn"
2015-12-11,"73","60","48","70","54","43","100","84","48","30.04","29.56","29.18","6","3","1","40","14","56","0.00","5","Rain","307<br />","Tokyo (JPN)","Autumn"
2015-12-12,"59","56","53","46","43","41","77","63","55","30.21","30.09","29.77","6","6","6","21","15","","0.00","4","","34<br />","Tokyo (JPN)","Autumn"
2015-12-13,"53","52","50","50","46","41","94","81","67","30.18","30.11","30.06","6","6","4","16","11","","0.00","6","Rain","348<br />","Tokyo (JPN)","Autumn"
2015-12-14,"55","54","53","50","48","46","88","80","72","30.15","30.12","30.06","6","6","6","21","12","","0.00","6","","26<br />","Tokyo (JPN)","Autumn"
2015-12-15,"57","54","51","54","47","43","94","76","67","30.12","29.99","29.83","6","6","5","14","9","","0.00","5","","22<br />","Tokyo (JPN)","Autumn"
2015-12-16,"62","56","50","54","50","46","88","80","68","29.83","29.70","29.59","6","5","2","13","6","","0.00","2","","23<br />","Tokyo (JPN)","Autumn"
2015-12-17,"57","52","46","50","33","23","77","48","33","30.04","29.82","29.65","6","6","6","22","11","32","0.00","5","Rain-Thunderstorm","345<br />","Tokyo (JPN)","Autumn"
2015-12-18,"53","48","42","30","24","19","50","40","28","30.24","30.16","30.04","6","6","6","26","14","37","0.00","2","","346<br />","Tokyo (JPN)","Autumn"
2015-12-19,"53","47","41","32","27","23","61","45","35","30.42","30.28","30.18","6","6","6","25","13","32","0.00","1","","337<br />","Tokyo (JPN)","Autumn"
2015-12-20,"51","46","41","41","28","21","71","49","32","30.48","30.40","30.30","6","6","6","15","9","","0.00","2","","36<br />","Tokyo (JPN)","Autumn"
2015-12-21,"53","50","46","39","34","28","62","55","47","30.30","30.14","30.04","6","6","6","12","5","","0.00","4","","19<br />","Tokyo (JPN)","Winter"
2015-12-22,"59","54","48","37","33","28","58","46","36","30.36","30.21","30.09","6","6","6","22","14","","0.00","3","","355<br />","Tokyo (JPN)","Winter"
2015-12-23,"48","46","44","43","35","28","93","65","46","30.39","30.27","30.09","6","6","3","15","11","","0.00","6","Rain","347<br />","Tokyo (JPN)","Winter"
2015-12-24,"57","50","44","52","46","41","93","85","77","30.06","29.89","29.77","6","6","3","17","10","","0.00","5","Rain","30<br />","Tokyo (JPN)","Winter"
2015-12-25,"59","54","48","50","39","27","88","59","36","29.86","29.73","29.65","6","6","6","23","12","32","0.00","4","Rain","3<br />","Tokyo (JPN)","Winter"
2015-12-26,"55","50","44","36","30","25","54","47","40","29.95","29.87","29.83","6","6","6","17","12","","0.00","3","","259<br />","Tokyo (JPN)","Winter"
2015-12-27,"51","46","41","36","27","18","62","45","34","30.18","29.99","29.83","6","6","6","21","13","","0.00","3","","336<br />","Tokyo (JPN)","Winter"
2015-12-28,"48","44","39","32","21","14","57","40","29","30.21","30.14","30.09","6","6","6","18","12","","0.00","2","","12<br />","Tokyo (JPN)","Winter"
2015-12-29,"51","46","41","28","23","14","61","43","27","30.27","30.17","30.06","6","6","6","17","9","","0.00","1","","354<br />","Tokyo (JPN)","Winter"
2015-12-30,"50","47","44","37","25","16","62","43","31","30.33","30.27","30.24","6","6","6","20","11","","0.00","4","","39<br />","Tokyo (JPN)","Winter"
2015-12-31,"50","46","41","39","34","27","76","62","49","30.27","30.17","30.09","6","6","6","18","11","","0.00","3","","23<br />","Tokyo (JPN)","Winter"
