,"Date","Max.TemperatureF","Mean.TemperatureF","Min.TemperatureF","Max.Dew.PointF","MeanDew.PointF","Min.DewpointF","Max.Humidity","Mean.Humidity","Min.Humidity","Max.Sea.Level.PressureIn","Mean.Sea.Level.PressureIn","Min.Sea.Level.PressureIn","Max.VisibilityMiles","Mean.VisibilityMiles","Min.VisibilityMiles","Max.Wind.SpeedMPH","Mean.Wind.SpeedMPH","Max.Gust.SpeedMPH","PrecipitationIn","CloudCover","Events","WindDirDegrees.br...","city","season"
24080,2014-01-01,"56","49","41","45","40","36","83","69","55","30.22","30.17","30.13","10","9","7","9","1","10","0.00","3","","290<br />","San Francisco (CA)","Winter"
24081,2014-01-02,"62","53","43","45","39","34","80","58","36","30.18","30.11","30.06","10","10","10","6","1","6","0.00","3","","146<br />","San Francisco (CA)","Winter"
24082,2014-01-03,"64","54","44","46","41","34","80","59","37","30.08","30.02","29.96","10","10","9","14","4","16","0.00","3","","297<br />","San Francisco (CA)","Winter"
24083,2014-01-04,"66","55","43","46","42","33","93","65","36","30.09","30.02","29.99","10","6","0","15","2","18","0.00","2","Fog","266<br />","San Francisco (CA)","Winter"
24084,2014-01-05,"66","55","44","38","32","27","65","45","24","30.21","30.16","30.09","10","10","10","14","5","15","0.00","0","","125<br />","San Francisco (CA)","Winter"
24085,2014-01-06,"60","52","44","45","40","32","71","61","51","30.28","30.21","30.17","10","10","7","9","2","10","0.00","5","","75<br />","San Francisco (CA)","Winter"
24086,2014-01-07,"61","54","46","52","45","39","86","70","53","30.22","30.18","30.14","10","9","7","15","4","17","T","5","Rain","304<br />","San Francisco (CA)","Winter"
24087,2014-01-08,"59","56","52","51","48","46","86","79","72","30.24","30.20","30.16","10","9","3","20","9","24","0.01","7","","281<br />","San Francisco (CA)","Winter"
24088,2014-01-09,"60","56","52","50","47","43","89","73","57","30.27","30.23","30.20","10","10","5","25","12","31","T","5","","287<br />","San Francisco (CA)","Winter"
24089,2014-01-10,"60","54","48","48","46","43","89","75","60","30.31","30.25","30.19","10","9","6","15","6","17","0.00","4","","310<br />","San Francisco (CA)","Winter"
24090,2014-01-11,"58","52","46","51","46","42","93","83","72","30.30","30.23","30.16","10","10","6","18","6","22","T","4","","281<br />","San Francisco (CA)","Winter"
24091,2014-01-12,"60","53","46","47","42","36","93","70","47","30.40","30.33","30.27","10","10","7","17","7","20","0.00","2","","313<br />","San Francisco (CA)","Winter"
24092,2014-01-13,"67","55","42","44","37","32","71","50","28","30.47","30.40","30.35","10","10","10","18","3","22","0.00","1","","88<br />","San Francisco (CA)","Winter"
24093,2014-01-14,"72","58","44","42","37","26","71","45","19","30.45","30.38","30.32","10","10","10","12","2","15","0.00","0","","134<br />","San Francisco (CA)","Winter"
24094,2014-01-15,"73","61","48","40","34","25","71","44","17","30.35","30.27","30.20","10","10","10","10","3","13","0.00","0","","131<br />","San Francisco (CA)","Winter"
24095,2014-01-16,"73","60","46","44","35","27","71","45","19","30.24","30.18","30.13","10","10","10","8","2","10","0.00","0","","125<br />","San Francisco (CA)","Winter"
24096,2014-01-17,"67","56","45","45","39","35","71","53","34","30.20","30.15","30.11","10","9","5","5","1","7","0.00","0","","128<br />","San Francisco (CA)","Winter"
24097,2014-01-18,"67","55","43","47","39","32","77","57","36","30.18","30.11","30.06","10","9","7","7","1","12","0.00","0","","128<br />","San Francisco (CA)","Winter"
24098,2014-01-19,"67","55","43","44","38","34","76","54","32","30.14","30.10","30.06","10","10","8","7","2","7","0.00","1","","110<br />","San Francisco (CA)","Winter"
24099,2014-01-20,"66","55","43","48","41","34","76","60","43","30.23","30.17","30.12","10","9","7","9","2","9","0.00","1","","354<br />","San Francisco (CA)","Winter"
24100,2014-01-21,"68","56","43","44","37","25","76","48","20","30.27","30.21","30.16","10","10","10","12","2","13","0.00","3","","258<br />","San Francisco (CA)","Winter"
24101,2014-01-22,"65","55","44","47","41","31","77","64","51","30.17","30.05","29.93","10","10","10","18","5","22","0.00","1","","304<br />","San Francisco (CA)","Winter"
24102,2014-01-23,"69","57","44","47","38","27","80","51","21","30.02","29.93","29.88","10","9","7","17","5","21","0.00","0","","61<br />","San Francisco (CA)","Winter"
24103,2014-01-24,"64","55","46","47","41","32","80","56","32","30.28","30.16","30.03","10","8","4","9","3","9","0.00","3","","5<br />","San Francisco (CA)","Winter"
24104,2014-01-25,"65","57","48","48","43","34","83","60","37","30.27","30.19","30.13","10","9","7","12","2","13","0.00","2","","281<br />","San Francisco (CA)","Winter"
24105,2014-01-26,"66","57","48","48","43","33","83","65","46","30.14","30.09","30.03","10","10","9","21","6","24","0.00","3","","317<br />","San Francisco (CA)","Winter"
24106,2014-01-27,"59","54","48","48","46","43","83","73","62","30.21","30.15","30.08","10","10","7","18","6","20","0.00","6","","301<br />","San Francisco (CA)","Winter"
24107,2014-01-28,"65","59","53","57","53","47","90","81","72","30.27","30.22","30.20","10","10","2","17","5","21","0.00","7","","290<br />","San Francisco (CA)","Winter"
24108,2014-01-29,"63","59","54","57","54","50","93","89","84","30.20","30.11","30.00","10","10","7","20","8","22","T","8","Rain","282<br />","San Francisco (CA)","Winter"
24109,2014-01-30,"58","55","52","51","48","46","93","80","67","29.98","29.91","29.88","10","10","9","30","14","38","T","6","Rain","267<br />","San Francisco (CA)","Winter"
24110,2014-01-31,"60","54","47","46","42","36","86","63","39","30.09","30.04","29.92","10","10","9","32","12","38","0.00","1","","285<br />","San Francisco (CA)","Winter"
24111,2014-02-01,"59","51","42","43","39","36","82","63","43","30.17","30.12","30.08","10","10","10","20","6","23","0.00","1","","270<br />","San Francisco (CA)","Winter"
24112,2014-02-02,"58","53","47","44","42","36","86","74","61","30.04","29.92","29.85","10","8","4","29","12","33","0.85","7","Rain","111<br />","San Francisco (CA)","Winter"
24113,2014-02-03,"56","51","46","43","41","39","82","69","55","30.09","30.04","29.99","10","10","10","25","11","32","0.00","3","","306<br />","San Francisco (CA)","Winter"
24114,2014-02-04,"55","50","44","44","40","36","83","67","50","30.17","30.12","30.09","10","10","10","21","7","23","0.00","4","","288<br />","San Francisco (CA)","Winter"
24115,2014-02-05,"55","49","43","46","42","38","86","73","59","30.21","30.15","30.06","10","10","10","17","7","24","0.09","6","Rain","255<br />","San Francisco (CA)","Winter"
24116,2014-02-06,"52","50","48","52","48","42","100","90","80","30.05","29.96","29.91","10","8","2","20","7","23","0.64","8","Rain","100<br />","San Francisco (CA)","Winter"
24117,2014-02-07,"56","54","51","54","51","49","100","92","83","30.08","30.04","30.00","10","9","3","31","11","40","0.23","8","Rain","152<br />","San Francisco (CA)","Winter"
24118,2014-02-08,"59","56","53","58","55","49","100","92","83","30.15","30.10","30.06","10","5","2","28","13","37","0.42","8","Rain","164<br />","San Francisco (CA)","Winter"
24119,2014-02-09,"59","57","55","58","56","52","100","92","83","30.16","30.12","30.06","10","6","2","21","9","26","0.35","8","Rain","174<br />","San Francisco (CA)","Winter"
24120,2014-02-10,"57","54","51","54","52","50","100","93","86","30.29","30.23","30.14","10","9","2","17","10","20","T","7","Rain","274<br />","San Francisco (CA)","Winter"
24121,2014-02-11,"56","53","49","51","49","48","100","92","83","30.26","30.22","30.18","10","10","7","22","9","26","0.00","6","","287<br />","San Francisco (CA)","Winter"
24122,2014-02-12,"56","51","46","51","48","45","100","92","83","30.29","30.24","30.20","10","7","0","18","6","22","0.00","6","Fog","278<br />","San Francisco (CA)","Winter"
24123,2014-02-13,"67","59","50","57","53","50","100","87","73","30.23","30.17","30.11","10","6","0","15","8","20","0.00","6","Fog","288<br />","San Francisco (CA)","Winter"
24124,2014-02-14,"66","61","56","55","54","50","100","80","60","30.18","30.13","30.06","10","8","2","14","5","16","0.00","7","","293<br />","San Francisco (CA)","Winter"
24125,2014-02-15,"62","57","52","55","52","49","93","83","72","30.05","30.02","30.00","10","10","7","17","5","21","T","7","Rain","174<br />","San Francisco (CA)","Winter"
24126,2014-02-16,"63","57","50","54","47","40","93","68","43","30.21","30.14","30.06","10","10","6","20","8","23","0.01","3","","292<br />","San Francisco (CA)","Winter"
24127,2014-02-17,"61","54","46","49","45","42","86","69","51","30.19","30.16","30.11","10","10","10","21","10","25","0.00","3","","280<br />","San Francisco (CA)","Winter"
24128,2014-02-18,"62","55","48","53","49","45","93","80","67","30.20","30.15","30.12","10","10","5","22","8","25","0.00","5","","272<br />","San Francisco (CA)","Winter"
24129,2014-02-19,"62","57","51","54","48","43","93","72","51","30.22","30.16","30.12","10","10","10","23","14","26","0.01","4","","276<br />","San Francisco (CA)","Winter"
24130,2014-02-20,"67","56","45","47","44","41","86","65","43","30.22","30.17","30.12","10","10","9","18","6","22","0.00","4","","277<br />","San Francisco (CA)","Winter"
24131,2014-02-21,"69","58","47","51","46","40","86","61","35","30.12","30.06","30.00","10","10","10","22","7","26","0.00","1","","282<br />","San Francisco (CA)","Winter"
24132,2014-02-22,"66","56","46","52","48","43","93","78","63","30.03","29.99","29.94","10","10","10","23","9","28","0.00","2","","286<br />","San Francisco (CA)","Winter"
24133,2014-02-23,"63","55","46","52","47","44","93","81","69","30.04","30.00","29.96","10","9","6","23","8","26","0.00","3","","268<br />","San Francisco (CA)","Winter"
24134,2014-02-24,"71","58","45","53","47","41","89","65","40","30.01","29.96","29.91","10","10","10","17","6","21","0.00","1","","302<br />","San Francisco (CA)","Winter"
24135,2014-02-25,"62","55","48","53","48","45","89","78","67","29.99","29.95","29.92","10","9","7","20","6","23","0.00","6","","215<br />","San Francisco (CA)","Winter"
24136,2014-02-26,"60","57","54","56","52","47","93","80","67","29.96","29.84","29.69","10","9","4","31","15","39","0.43","8","Rain","147<br />","San Francisco (CA)","Winter"
24137,2014-02-27,"65","60","55","54","52","50","86","76","65","29.91","29.78","29.50","10","10","8","21","10","31","0.05","7","Rain","163<br />","San Francisco (CA)","Winter"
24138,2014-02-28,"61","58","54","56","51","45","93","79","64","29.49","29.42","29.38","10","9","3","25","15","31","0.68","7","Rain","131<br />","San Francisco (CA)","Winter"
24139,2014-03-01,"63","58","53","55","53","50","100","89","78","29.81","29.63","29.47","10","10","7","22","9","29","0.14","6","Rain","125<br />","San Francisco (CA)","Winter"
24140,2014-03-02,"60","56","52","56","52","49","100","85","69","30.17","30.01","29.82","10","8","3","17","6","22","0.03","6","Rain","192<br />","San Francisco (CA)","Winter"
24141,2014-03-03,"60","55","50","54","51","48","100","82","64","30.16","30.11","30.02","10","10","10","21","7","24","0.08","7","Rain","136<br />","San Francisco (CA)","Winter"
24142,2014-03-04,"62","58","53","56","55","52","100","92","84","30.12","30.08","30.05","10","10","10","14","4","17","T","7","","339<br />","San Francisco (CA)","Winter"
24143,2014-03-05,"68","62","55","59","56","47","100","73","45","30.11","30.06","30.00","10","9","6","17","6","23","0.16","8","Rain","163<br />","San Francisco (CA)","Winter"
24144,2014-03-06,"63","59","54","57","54","52","100","84","67","30.21","30.15","30.05","10","9","7","14","8","16","T","5","Rain","277<br />","San Francisco (CA)","Winter"
24145,2014-03-07,"64","57","49","52","50","45","100","76","52","30.19","30.15","30.11","10","10","7","22","11","25","0.00","3","","291<br />","San Francisco (CA)","Winter"
24146,2014-03-08,"67","58","48","56","50","46","100","78","56","30.21","30.16","30.12","10","10","9","16","6","18","T","5","Rain","306<br />","San Francisco (CA)","Winter"
24147,2014-03-09,"71","65","58","58","52","45","86","62","38","30.18","30.13","30.07","10","10","10","17","5","21","T","6","Rain","295<br />","San Francisco (CA)","Winter"
24148,2014-03-10,"66","61","55","56","51","46","93","75","56","30.25","30.17","30.11","10","10","4","22","11","25","T","5","Rain","289<br />","San Francisco (CA)","Winter"
24149,2014-03-11,"69","63","56","47","38","32","62","45","27","30.20","30.10","30.02","10","10","10","28","9","31","0.00","1","","13<br />","San Francisco (CA)","Winter"
24150,2014-03-12,"72","65","58","49","41","35","51","42","32","30.10","30.04","30.00","10","10","10","36","18","43","0.00","1","","7<br />","San Francisco (CA)","Winter"
24151,2014-03-13,"75","64","53","52","45","35","83","57","31","30.08","30.03","30.00","10","10","10","23","7","","0.00","1","","288<br />","San Francisco (CA)","Winter"
24152,2014-03-14,"69","61","53","52","50","48","86","72","58","30.23","30.16","30.09","10","10","9","23","10","25","0.00","3","","267<br />","San Francisco (CA)","Winter"
24153,2014-03-15,"76","64","51","58","51","46","86","65","43","30.31","30.27","30.23","10","10","10","22","8","26","0.00","1","","306<br />","San Francisco (CA)","Winter"
24154,2014-03-16,"68","60","51","56","50","47","89","73","56","30.32","30.27","30.21","10","10","10","35","12","43","0.00","3","","291<br />","San Francisco (CA)","Winter"
24155,2014-03-17,"66","59","52","52","47","45","83","68","52","30.25","30.11","30.00","10","10","10","28","14","31","T","3","","282<br />","San Francisco (CA)","Winter"
24156,2014-03-18,"71","60","48","47","38","29","83","53","22","29.99","29.95","29.91","10","10","8","21","5","24","0.00","1","","273<br />","San Francisco (CA)","Winter"
24157,2014-03-19,"73","61","49","50","41","34","83","53","23","30.09","30.04","29.98","10","10","10","20","6","22","0.00","3","","289<br />","San Francisco (CA)","Winter"
24158,2014-03-20,"69","60","51","54","48","44","83","70","56","30.06","30.02","29.96","10","10","9","26","11","31","0.00","4","","285<br />","San Francisco (CA)","Spring"
24159,2014-03-21,"65","57","49","49","46","44","86","71","56","30.01","29.98","29.95","10","10","8","22","7","25","0.00","2","","286<br />","San Francisco (CA)","Spring"
24160,2014-03-22,"65","56","47","51","46","43","83","70","56","30.13","30.07","30.00","10","10","10","18","8","22","0.00","1","","299<br />","San Francisco (CA)","Spring"
24161,2014-03-23,"64","57","49","51","47","44","89","73","56","30.19","30.14","30.10","10","10","10","21","8","24","0.00","2","","290<br />","San Francisco (CA)","Spring"
24162,2014-03-24,"71","60","48","52","47","39","100","72","44","30.16","30.10","30.02","10","8","0","23","10","26","0.00","2","Fog","288<br />","San Francisco (CA)","Spring"
24163,2014-03-25,"62","55","48","55","50","41","86","75","64","30.06","29.96","29.87","10","10","5","18","8","21","0.09","5","Rain","232<br />","San Francisco (CA)","Spring"
24164,2014-03-26,"62","58","53","54","50","48","86","75","64","29.99","29.88","29.81","10","9","4","25","11","29","0.36","6","Rain","235<br />","San Francisco (CA)","Spring"
24165,2014-03-27,"65","60","54","50","48","45","83","66","48","30.14","30.07","29.99","10","10","9","15","8","21","T","7","Rain","220<br />","San Francisco (CA)","Spring"
24166,2014-03-28,"71","63","55","54","51","48","86","67","47","30.19","30.15","30.11","10","10","10","24","9","29","T","6","Rain","176<br />","San Francisco (CA)","Spring"
24167,2014-03-29,"60","57","53","57","53","47","93","83","72","30.14","30.06","30.02","10","8","2","24","11","28","0.57","7","Rain","224<br />","San Francisco (CA)","Spring"
24168,2014-03-30,"61","56","50","49","46","42","89","70","51","30.15","30.10","30.06","10","10","10","16","9","28","0.01","3","","264<br />","San Francisco (CA)","Spring"
24169,2014-03-31,"57","53","49","48","45","42","86","74","62","30.08","29.93","29.85","10","9","3","23","9","32","0.49","5","Rain","170<br />","San Francisco (CA)","Spring"
24170,2014-04-01,"59","54","48","47","45","43","93","78","62","29.95","29.89","29.84","10","9","6","24","9","36","0.62","7","Rain","163<br />","San Francisco (CA)","Spring"
24171,2014-04-02,"61","54","47","47","45","42","86","71","55","30.11","30.03","29.88","10","10","10","22","9","25","0.36","4","Rain","66<br />","San Francisco (CA)","Spring"
24172,2014-04-03,"64","57","49","51","46","42","86","67","48","30.13","30.09","30.05","10","10","10","16","6","24","0.00","6","","189<br />","San Francisco (CA)","Spring"
24173,2014-04-04,"60","56","51","50","48","44","89","73","57","30.06","30.03","29.99","10","10","7","22","11","28","0.22","6","Rain","271<br />","San Francisco (CA)","Spring"
24174,2014-04-05,"63","57","50","50","48","46","89","75","60","30.20","30.14","30.06","10","10","9","28","13","33","0.00","1","","276<br />","San Francisco (CA)","Spring"
24175,2014-04-06,"74","62","50","55","51","47","89","67","44","30.24","30.18","30.11","10","10","9","23","7","26","0.00","2","","285<br />","San Francisco (CA)","Spring"
24176,2014-04-07,"82","69","55","57","52","49","86","63","39","30.16","30.11","30.06","10","10","10","22","6","24","0.00","0","","310<br />","San Francisco (CA)","Spring"
24177,2014-04-08,"78","67","55","60","54","50","86","68","49","30.11","30.07","30.03","10","10","10","22","9","25","0.00","4","","303<br />","San Francisco (CA)","Spring"
24178,2014-04-09,"64","58","51","53","51","49","96","82","67","30.10","30.05","29.99","10","10","10","25","14","29","0.00","4","","299<br />","San Francisco (CA)","Spring"
24179,2014-04-10,"72","60","48","54","50","46","93","71","49","30.04","29.98","29.90","10","9","2","25","8","29","0.00","5","","305<br />","San Francisco (CA)","Spring"
24180,2014-04-11,"64","59","53","53","51","48","93","80","67","29.95","29.91","29.86","10","10","10","20","10","23","0.00","6","","290<br />","San Francisco (CA)","Spring"
24181,2014-04-12,"67","59","51","52","49","45","83","68","52","29.96","29.91","29.88","10","10","10","22","8","28","0.00","2","","254<br />","San Francisco (CA)","Spring"
24182,2014-04-13,"71","63","54","53","50","47","93","75","57","30.06","30.01","29.97","10","10","9","25","10","30","0.00","4","","270<br />","San Francisco (CA)","Spring"
24183,2014-04-14,"68","60","52","54","51","50","96","80","63","30.13","30.08","30.03","10","10","8","28","12","31","0.00","4","","295<br />","San Francisco (CA)","Spring"
24184,2014-04-15,"65","59","52","51","49","46","89","75","60","30.08","30.00","29.92","10","10","9","24","10","29","0.00","3","","273<br />","San Francisco (CA)","Spring"
24185,2014-04-16,"73","63","52","52","49","47","83","65","47","29.93","29.89","29.84","10","10","8","28","12","32","0.00","2","","292<br />","San Francisco (CA)","Spring"
24186,2014-04-17,"64","59","53","51","49","46","89","73","56","29.89","29.86","29.81","10","10","8","29","17","36","0.00","3","","277<br />","San Francisco (CA)","Spring"
24187,2014-04-18,"63","58","52","50","48","45","83","72","60","29.96","29.92","29.88","10","10","9","25","14","30","0.00","3","","276<br />","San Francisco (CA)","Spring"
24188,2014-04-19,"63","57","51","54","49","45","89","73","56","30.13","30.08","29.96","10","10","8","24","13","29","T","4","","267<br />","San Francisco (CA)","Spring"
24189,2014-04-20,"79","65","51","60","48","43","89","60","30","30.14","30.11","30.07","10","10","10","28","10","31","0.00","1","","304<br />","San Francisco (CA)","Spring"
24190,2014-04-21,"69","61","52","50","48","44","77","63","48","30.09","30.04","29.98","10","10","9","25","13","29","0.00","5","","283<br />","San Francisco (CA)","Spring"
24191,2014-04-22,"63","58","52","51","44","38","89","64","39","30.14","30.09","29.98","10","10","3","36","23","41","0.04","4","Rain","276<br />","San Francisco (CA)","Spring"
24192,2014-04-23,"66","59","52","51","45","41","86","66","46","30.16","30.13","30.10","10","10","10","32","15","38","0.00","3","","282<br />","San Francisco (CA)","Spring"
24193,2014-04-24,"67","61","55","55","53","50","93","76","58","30.13","30.06","29.99","10","10","10","24","11","29","T","6","Rain","265<br />","San Francisco (CA)","Spring"
24194,2014-04-25,"73","63","52","55","50","46","100","89","77","29.98","29.88","29.82","10","9","3","29","13","36","0.37","7","Rain","252<br />","San Francisco (CA)","Spring"
24195,2014-04-26,"62","55","48","47","43","40","83","62","39","30.10","29.99","29.87","10","10","10","26","15","33","0.00","4","","267<br />","San Francisco (CA)","Spring"
24196,2014-04-27,"64","59","53","51","49","46","86","73","60","30.14","30.09","30.04","10","10","10","22","11","26","0.00","6","","229<br />","San Francisco (CA)","Spring"
24197,2014-04-28,"69","61","52","51","47","39","89","63","37","30.23","30.19","30.15","10","10","9","26","12","33","0.00","1","","285<br />","San Francisco (CA)","Spring"
24198,2014-04-29,"86","70","54","53","46","41","72","47","21","30.21","30.14","30.05","10","10","10","18","6","21","0.00","2","","276<br />","San Francisco (CA)","Spring"
24199,2014-04-30,"90","75","60","58","49","33","72","46","19","30.08","30.05","29.99","10","10","10","13","4","15","0.00","2","","297<br />","San Francisco (CA)","Spring"
24200,2014-05-01,"86","74","62","59","47","33","66","41","16","30.09","30.07","30.03","10","10","10","28","8","33","0.00","3","","312<br />","San Francisco (CA)","Spring"
24201,2014-05-02,"73","64","54","54","51","47","93","69","44","30.09","30.07","30.03","10","10","10","25","14","31","0.00","5","","290<br />","San Francisco (CA)","Spring"
24202,2014-05-03,"67","61","55","54","51","48","86","69","52","30.07","30.05","30.02","10","10","10","28","18","35","0.00","6","","267<br />","San Francisco (CA)","Spring"
24203,2014-05-04,"68","63","57","54","53","51","86","72","58","30.08","30.05","30.03","10","10","10","21","12","24","0.00","6","","278<br />","San Francisco (CA)","Spring"
24204,2014-05-05,"66","61","55","53","50","46","86","69","52","30.06","30.02","29.97","10","10","10","35","20","47","0.00","4","","270<br />","San Francisco (CA)","Spring"
24205,2014-05-06,"67","60","52","49","47","44","83","64","45","29.95","29.92","29.89","10","10","10","39","19","45","0.00","1","","278<br />","San Francisco (CA)","Spring"
24206,2014-05-07,"64","58","51","48","47","45","83","68","52","30.01","29.97","29.90","10","10","10","30","17","37","0.00","3","","262<br />","San Francisco (CA)","Spring"
24207,2014-05-08,"65","60","54","58","53","48","84","76","67","30.10","30.06","30.01","10","9","3","23","11","29","T","7","Rain","227<br />","San Francisco (CA)","Spring"
24208,2014-05-09,"66","60","54","57","51","48","93","73","52","30.18","30.14","30.10","10","10","10","33","17","41","0.00","4","","276<br />","San Francisco (CA)","Spring"
24209,2014-05-10,"67","60","52","48","46","43","83","64","44","30.14","30.10","30.04","10","10","10","39","21","47","0.00","1","","277<br />","San Francisco (CA)","Spring"
24210,2014-05-11,"75","63","51","48","43","35","77","51","25","30.11","30.07","30.02","10","10","10","35","16","40","0.00","1","","301<br />","San Francisco (CA)","Spring"
24211,2014-05-12,"84","68","52","56","46","39","77","51","25","30.12","30.08","30.04","10","10","10","25","8","30","0.00","2","","288<br />","San Francisco (CA)","Spring"
24212,2014-05-13,"92","76","59","59","46","38","68","42","15","30.13","30.10","30.07","10","10","9","20","6","22","0.00","1","","306<br />","San Francisco (CA)","Spring"
24213,2014-05-14,"91","77","63","59","46","34","73","44","15","30.13","30.09","30.04","10","10","10","22","8","25","0.00","1","","310<br />","San Francisco (CA)","Spring"
24214,2014-05-15,"84","71","58","57","45","38","67","47","27","30.10","30.08","30.06","10","10","10","29","11","33","0.00","4","","294<br />","San Francisco (CA)","Spring"
24215,2014-05-16,"72","64","55","54","51","49","86","65","44","30.10","30.06","30.02","10","10","10","30","17","37","0.00","5","","280<br />","San Francisco (CA)","Spring"
24216,2014-05-17,"67","62","57","54","51","49","86","72","58","30.03","30.00","29.97","10","10","10","30","16","38","0.00","6","","265<br />","San Francisco (CA)","Spring"
24217,2014-05-18,"68","63","57","54","52","48","86","72","58","30.01","29.99","29.95","10","10","10","39","21","46","0.00","3","","272<br />","San Francisco (CA)","Spring"
24218,2014-05-19,"68","62","56","54","51","49","80","66","52","29.99","29.97","29.94","10","10","10","29","19","33","T","6","","268<br />","San Francisco (CA)","Spring"
24219,2014-05-20,"71","64","56","54","51","48","83","65","47","30.01","29.99","29.94","10","10","10","23","14","28","0.00","5","","267<br />","San Francisco (CA)","Spring"
24220,2014-05-21,"71","64","56","54","52","51","86","70","53","29.99","29.96","29.94","10","10","10","25","12","29","0.00","5","","271<br />","San Francisco (CA)","Spring"
24221,2014-05-22,"70","62","54","54","52","51","86","72","57","30.04","29.97","29.94","10","10","9","22","12","26","0.00","5","","278<br />","San Francisco (CA)","Spring"
24222,2014-05-23,"69","62","54","54","52","50","93","76","59","30.04","30.00","29.95","10","10","10","28","12","33","0.00","5","","281<br />","San Francisco (CA)","Spring"
24223,2014-05-24,"67","61","55","53","51","49","86","71","56","30.02","29.98","29.95","10","10","10","25","16","32","0.00","3","","279<br />","San Francisco (CA)","Spring"
24224,2014-05-25,"72","63","54","52","48","46","83","62","41","29.98","29.96","29.93","10","10","10","37","16","41","0.00","1","","288<br />","San Francisco (CA)","Spring"
24225,2014-05-26,"72","64","56","54","50","47","83","68","53","30.04","30.00","29.96","10","10","10","37","22","44","0.00","1","","280<br />","San Francisco (CA)","Spring"
24226,2014-05-27,"68","61","54","49","47","45","77","63","48","30.06","30.03","29.99","10","10","10","37","18","43","0.00","1","","271<br />","San Francisco (CA)","Spring"
24227,2014-05-28,"72","63","53","47","45","41","77","57","37","30.08","30.03","29.96","10","10","10","28","17","33","0.00","0","","274<br />","San Francisco (CA)","Spring"
24228,2014-05-29,"78","66","53","56","48","45","77","55","33","29.96","29.94","29.91","10","10","10","24","10","28","0.00","1","","288<br />","San Francisco (CA)","Spring"
24229,2014-05-30,"65","59","52","50","49","47","83","72","60","29.99","29.96","29.92","10","10","9","26","14","35","0.00","5","","264<br />","San Francisco (CA)","Spring"
24230,2014-05-31,"68","60","52","54","51","48","89","74","58","29.98","29.95","29.91","10","10","10","25","11","29","0.00","4","","289<br />","San Francisco (CA)","Spring"
24231,2014-06-01,"72","62","52","55","51","48","96","75","53","29.94","29.88","29.80","10","10","10","23","11","26","0.00","2","","306<br />","San Francisco (CA)","Spring"
24232,2014-06-02,"67","60","52","52","50","47","89","74","58","29.92","29.89","29.84","10","10","10","24","10","29","0.00","4","","227<br />","San Francisco (CA)","Spring"
24233,2014-06-03,"67","60","53","52","50","48","89","74","58","29.95","29.91","29.88","10","10","10","23","11","28","0.00","2","","267<br />","San Francisco (CA)","Spring"
24234,2014-06-04,"68","61","53","54","51","48","89","72","55","29.91","29.87","29.83","10","10","9","24","11","29","0.00","3","","304<br />","San Francisco (CA)","Spring"
24235,2014-06-05,"71","62","53","56","53","50","93","75","57","29.87","29.84","29.80","10","10","10","23","10","29","0.00","1","","311<br />","San Francisco (CA)","Spring"
24236,2014-06-06,"71","63","54","56","53","50","93","75","57","29.85","29.82","29.80","10","10","10","24","11","29","0.00","1","","303<br />","San Francisco (CA)","Spring"
24237,2014-06-07,"70","62","53","55","52","50","93","74","55","29.86","29.82","29.78","10","10","9","24","10","29","0.00","2","","303<br />","San Francisco (CA)","Spring"
24238,2014-06-08,"87","71","55","59","53","51","86","58","29","29.83","29.78","29.71","10","10","9","23","11","28","0.00","0","","291<br />","San Francisco (CA)","Spring"
24239,2014-06-09,"77","68","58","60","55","53","84","67","50","29.76","29.73","29.68","10","10","10","26","12","31","0.00","1","","297<br />","San Francisco (CA)","Spring"
24240,2014-06-10,"73","66","58","58","55","54","87","72","57","29.83","29.77","29.73","10","10","10","22","9","26","0.00","2","","291<br />","San Francisco (CA)","Spring"
24241,2014-06-11,"73","65","57","55","53","52","80","65","49","29.92","29.86","29.82","10","10","10","20","11","25","0.00","1","","203<br />","San Francisco (CA)","Spring"
24242,2014-06-12,"67","62","56","52","51","50","86","71","56","30.01","29.96","29.92","10","10","10","36","17","66","0.00","4","","258<br />","San Francisco (CA)","Spring"
24243,2014-06-13,"73","64","54","55","51","50","93","70","46","29.99","29.96","29.93","10","10","10","30","15","35","0.00","2","","280<br />","San Francisco (CA)","Spring"
24244,2014-06-14,"84","70","56","56","51","48","83","58","33","29.95","29.90","29.84","10","10","10","26","11","30","0.00","2","","290<br />","San Francisco (CA)","Spring"
24245,2014-06-15,"70","63","56","52","51","49","83","69","55","29.87","29.84","29.81","10","10","10","38","17","46","0.00","5","","252<br />","San Francisco (CA)","Spring"
24246,2014-06-16,"65","60","55","52","49","47","86","71","56","29.94","29.90","29.86","10","10","10","32","16","41","0.00","4","","250<br />","San Francisco (CA)","Spring"
24247,2014-06-17,"75","64","53","48","46","43","77","56","35","29.96","29.93","29.90","10","10","10","25","10","30","0.00","1","","281<br />","San Francisco (CA)","Spring"
24248,2014-06-18,"86","71","55","59","50","43","77","49","21","29.96","29.94","29.91","10","10","10","25","11","31","0.00","0","","299<br />","San Francisco (CA)","Spring"
24249,2014-06-19,"72","64","55","52","51","50","86","69","51","30.00","29.98","29.95","10","10","10","24","14","29","0.00","2","","293<br />","San Francisco (CA)","Spring"
24250,2014-06-20,"75","66","56","54","51","49","80","63","46","29.99","29.97","29.94","10","10","10","29","14","36","0.00","4","","287<br />","San Francisco (CA)","Spring"
24251,2014-06-21,"66","61","56","51","50","49","83","72","60","29.95","29.92","29.89","10","10","10","29","12","35","0.00","4","","280<br />","San Francisco (CA)","Summer"
24252,2014-06-22,"68","62","55","52","51","48","80","69","58","29.97","29.94","29.91","10","10","10","31","13","38","0.00","3","","267<br />","San Francisco (CA)","Summer"
24253,2014-06-23,"71","64","56","52","51","47","86","67","48","29.97","29.95","29.93","10","10","9","29","15","35","0.00","4","","279<br />","San Francisco (CA)","Summer"
24254,2014-06-24,"69","63","57","56","53","50","87","72","57","30.03","29.99","29.96","10","10","10","36","17","41","0.01","3","","278<br />","San Francisco (CA)","Summer"
24255,2014-06-25,"69","64","58","59","57","55","93","81","68","30.02","29.99","29.97","10","10","10","23","13","30","T","7","","260<br />","San Francisco (CA)","Summer"
24256,2014-06-26,"73","65","57","58","56","53","100","77","53","30.01","29.99","29.97","10","10","5","25","12","29","T","5","Rain","275<br />","San Francisco (CA)","Summer"
24257,2014-06-27,"75","67","59","61","57","55","90","74","57","30.00","29.98","29.94","10","10","10","25","13","31","0.00","4","","272<br />","San Francisco (CA)","Summer"
24258,2014-06-28,"73","66","58","56","54","52","93","71","49","29.98","29.95","29.91","10","10","10","32","18","38","0.00","4","","276<br />","San Francisco (CA)","Summer"
24259,2014-06-29,"80","69","57","60","53","51","86","63","39","29.94","29.90","29.83","10","10","10","30","13","33","0.00","0","","298<br />","San Francisco (CA)","Summer"
24260,2014-06-30,"82","71","59","61","55","51","84","63","42","29.84","29.81","29.78","10","10","9","21","10","24","0.00","4","","302<br />","San Francisco (CA)","Summer"
24261,2014-07-01,"76","67","58","59","56","54","87","70","53","29.86","29.83","29.80","10","10","10","21","8","24","0.00","2","","305<br />","San Francisco (CA)","Summer"
24262,2014-07-02,"76","67","58","57","55","54","87","69","50","29.92","29.88","29.85","10","10","9","26","13","33","0.00","4","","273<br />","San Francisco (CA)","Summer"
24263,2014-07-03,"73","65","57","54","54","53","86","70","53","29.95","29.92","29.90","10","10","10","21","12","25","0.00","1","","279<br />","San Francisco (CA)","Summer"
24264,2014-07-04,"68","62","55","54","53","52","93","74","55","30.02","29.96","29.91","10","10","8","26","12","32","0.00","1","","296<br />","San Francisco (CA)","Summer"
24265,2014-07-05,"71","62","53","55","53","51","93","75","57","30.08","30.04","30.01","10","10","10","25","13","30","0.00","2","","291<br />","San Francisco (CA)","Summer"
24266,2014-07-06,"69","61","53","55","54","52","100","79","57","30.06","30.01","29.94","10","10","10","29","16","32","0.00","1","","296<br />","San Francisco (CA)","Summer"
24267,2014-07-07,"72","63","54","58","55","53","100","81","61","29.94","29.90","29.83","10","10","10","25","13","29","0.00","5","","304<br />","San Francisco (CA)","Summer"
24268,2014-07-08,"76","66","56","58","55","54","93","73","53","29.92","29.90","29.86","10","10","10","20","9","25","0.00","2","","307<br />","San Francisco (CA)","Summer"
24269,2014-07-09,"75","67","59","60","56","55","87","72","57","29.95","29.91","29.87","10","10","9","18","8","22","0.00","4","","251<br />","San Francisco (CA)","Summer"
24270,2014-07-10,"74","68","61","58","56","55","84","69","53","29.94","29.91","29.88","10","10","10","23","12","30","0.00","4","","212<br />","San Francisco (CA)","Summer"
24271,2014-07-11,"72","66","60","57","55","54","84","71","57","30.09","30.02","29.95","10","10","10","22","13","26","0.00","3","","236<br />","San Francisco (CA)","Summer"
24272,2014-07-12,"69","62","54","57","55","49","93","78","63","30.11","30.07","30.05","10","10","10","28","14","33","0.00","6","","274<br />","San Francisco (CA)","Summer"
24273,2014-07-13,"68","61","53","57","54","48","100","84","68","30.05","29.99","29.89","10","10","9","25","16","30","0.00","6","","283<br />","San Francisco (CA)","Summer"
24274,2014-07-14,"76","67","58","60","57","55","93","75","57","29.93","29.89","29.86","10","10","10","22","10","24","0.00","4","","304<br />","San Francisco (CA)","Summer"
24275,2014-07-15,"81","70","59","64","60","57","93","74","54","30.01","29.96","29.92","10","10","10","18","9","23","0.00","6","","285<br />","San Francisco (CA)","Summer"
24276,2014-07-16,"78","70","62","63","59","57","93","74","54","30.04","30.00","29.97","10","10","9","22","10","29","0.00","4","","242<br />","San Francisco (CA)","Summer"
24277,2014-07-17,"74","69","63","59","57","57","84","71","57","30.02","29.99","29.96","10","10","10","23","10","30","0.00","3","","237<br />","San Francisco (CA)","Summer"
24278,2014-07-18,"74","68","62","58","58","57","84","71","57","30.03","29.99","29.95","10","10","10","18","10","28","0.00","3","","230<br />","San Francisco (CA)","Summer"
24279,2014-07-19,"74","68","61","60","58","55","90","76","61","29.96","29.95","29.93","10","10","10","21","11","23","0.00","5","","288<br />","San Francisco (CA)","Summer"
24280,2014-07-20,"78","68","58","61","59","55","97","76","54","29.99","29.96","29.93","10","10","10","20","10","31","0.00","5","","280<br />","San Francisco (CA)","Summer"
24281,2014-07-21,"76","71","65","61","59","56","81","69","57","30.07","30.03","29.98","10","10","10","22","11","28","0.00","4","","255<br />","San Francisco (CA)","Summer"
24282,2014-07-22,"77","71","64","59","58","57","84","69","54","30.12","30.07","30.04","10","10","10","22","9","29","T","5","Thunderstorm","240<br />","San Francisco (CA)","Summer"
24283,2014-07-23,"76","70","64","63","60","57","84","74","64","30.15","30.10","30.05","10","10","10","24","12","30","0.00","4","","257<br />","San Francisco (CA)","Summer"
24284,2014-07-24,"83","72","60","63","58","53","90","68","45","30.05","29.95","29.84","10","10","10","26","14","31","0.00","2","","293<br />","San Francisco (CA)","Summer"
24285,2014-07-25,"90","76","62","66","58","54","84","61","37","29.89","29.86","29.83","10","10","10","26","10","29","0.00","1","","310<br />","San Francisco (CA)","Summer"
24286,2014-07-26,"77","69","61","59","58","57","84","69","54","29.96","29.92","29.88","10","10","10","26","14","31","0.00","2","","299<br />","San Francisco (CA)","Summer"
24287,2014-07-27,"77","69","61","61","58","57","90","74","57","30.00","29.96","29.92","10","10","10","25","13","31","T","3","Rain","300<br />","San Francisco (CA)","Summer"
24288,2014-07-28,"74","67","60","59","58","57","90","74","57","30.05","30.03","29.99","10","10","10","26","13","31","0.00","5","","299<br />","San Francisco (CA)","Summer"
24289,2014-07-29,"73","67","60","59","58","57","90","76","61","30.06","30.02","29.98","10","10","10","25","15","29","0.00","2","","298<br />","San Francisco (CA)","Summer"
24290,2014-07-30,"72","65","58","58","57","56","100","81","61","30.01","29.98","29.94","10","10","10","26","15","30","0.00","1","","296<br />","San Francisco (CA)","Summer"
24291,2014-07-31,"72","65","58","59","57","56","100","81","61","29.99","29.95","29.89","10","10","10","24","13","29","0.00","4","","304<br />","San Francisco (CA)","Summer"
24292,2014-08-01,"72","66","59","58","57","57","90","76","61","29.93","29.90","29.87","10","10","10","24","15","29","0.00","3","","297<br />","San Francisco (CA)","Summer"
24293,2014-08-02,"69","64","59","57","56","55","93","78","63","29.96","29.93","29.91","10","10","10","27","16","33","0.00","4","","286<br />","San Francisco (CA)","Summer"
24294,2014-08-03,"70","65","60","57","56","55","84","73","61","29.98","29.95","29.93","10","10","10","22","11","28","0.00","6","","254<br />","San Francisco (CA)","Summer"
24295,2014-08-04,"75","68","60","59","57","55","84","73","61","30.01","29.97","29.94","10","10","10","16","9","22","0.00","6","","261<br />","San Francisco (CA)","Summer"
24296,2014-08-05,"74","68","62","62","58","57","84","75","66","30.08","30.03","30.00","10","10","10","23","11","26","0.00","6","","296<br />","San Francisco (CA)","Summer"
24297,2014-08-06,"77","69","60","62","59","57","90","75","60","30.03","30.00","29.95","10","10","10","23","13","28","T","6","Rain","295<br />","San Francisco (CA)","Summer"
24298,2014-08-07,"70","65","60","58","57","56","90","77","63","29.98","29.96","29.91","10","10","10","26","12","30","0.00","4","","285<br />","San Francisco (CA)","Summer"
24299,2014-08-08,"74","67","60","56","55","54","84","69","53","29.94","29.91","29.88","10","10","10","22","11","25","0.00","2","","292<br />","San Francisco (CA)","Summer"
24300,2014-08-09,"70","65","59","56","55","54","87","74","61","30.00","29.96","29.91","10","10","10","25","14","29","0.00","5","","260<br />","San Francisco (CA)","Summer"
24301,2014-08-10,"77","69","60","60","57","55","84","69","54","30.01","29.97","29.93","10","10","10","18","8","22","0.00","5","","235<br />","San Francisco (CA)","Summer"
24302,2014-08-11,"79","70","61","60","57","56","84","66","48","29.96","29.94","29.89","10","10","10","20","8","26","0.00","4","","285<br />","San Francisco (CA)","Summer"
24303,2014-08-12,"77","70","62","59","57","55","84","69","54","29.99","29.95","29.93","10","10","10","22","11","26","0.00","5","","249<br />","San Francisco (CA)","Summer"
24304,2014-08-13,"77","69","61","59","57","55","90","72","54","30.01","29.97","29.94","10","10","10","28","13","32","0.00","3","","285<br />","San Francisco (CA)","Summer"
24305,2014-08-14,"74","67","60","59","58","57","90","76","61","29.98","29.94","29.90","10","10","10","24","12","28","0.00","3","","298<br />","San Francisco (CA)","Summer"
24306,2014-08-15,"74","67","60","61","58","55","90","74","57","30.01","29.97","29.94","10","10","10","24","11","28","0.00","3","","293<br />","San Francisco (CA)","Summer"
24307,2014-08-16,"73","66","59","61","58","57","97","79","61","30.05","30.01","29.96","10","10","10","25","11","29","0.00","4","","304<br />","San Francisco (CA)","Summer"
24308,2014-08-17,"72","65","57","59","57","55","97","79","61","30.04","29.99","29.93","10","10","10","28","12","31","0.00","5","","287<br />","San Francisco (CA)","Summer"
24309,2014-08-18,"70","65","60","58","57","56","90","78","66","29.93","29.88","29.84","10","10","7","24","11","32","0.00","6","","265<br />","San Francisco (CA)","Summer"
24310,2014-08-19,"75","68","60","59","58","57","90","74","57","29.88","29.85","29.81","10","10","8","17","7","25","0.00","5","","212<br />","San Francisco (CA)","Summer"
24311,2014-08-20,"73","68","62","59","58","57","84","73","61","29.94","29.90","29.86","10","10","10","24","9","29","0.00","3","","204<br />","San Francisco (CA)","Summer"
24312,2014-08-21,"74","68","61","61","59","57","97","81","64","29.97","29.93","29.91","10","10","10","25","10","30","0.00","2","","275<br />","San Francisco (CA)","Summer"
24313,2014-08-22,"77","68","59","61","58","55","97","77","56","29.95","29.93","29.91","10","10","10","25","9","30","0.00","2","","276<br />","San Francisco (CA)","Summer"
24314,2014-08-23,"75","66","57","59","56","54","93","72","50","29.96","29.91","29.86","10","10","10","14","6","24","0.00","2","","281<br />","San Francisco (CA)","Summer"
24315,2014-08-24,"75","67","58","59","56","54","87","72","57","29.91","29.87","29.83","10","10","10","22","10","25","0.00","3","","264<br />","San Francisco (CA)","Summer"
24316,2014-08-25,"74","68","61","57","56","54","84","69","53","29.96","29.89","29.86","10","10","10","20","8","25","0.00","4","","218<br />","San Francisco (CA)","Summer"
24317,2014-08-26,"74","67","59","58","56","54","84","71","57","30.02","29.98","29.95","10","10","10","23","11","28","0.00","1","","283<br />","San Francisco (CA)","Summer"
24318,2014-08-27,"74","67","60","61","59","58","90","76","61","30.07","30.03","30.00","10","10","10","26","12","30","0.00","1","","295<br />","San Francisco (CA)","Summer"
24319,2014-08-28,"74","67","59","61","59","57","97","79","61","30.08","30.03","29.94","10","10","10","30","12","33","0.00","3","","293<br />","San Francisco (CA)","Summer"
24320,2014-08-29,"71","66","60","61","60","57","97","83","68","29.98","29.93","29.89","10","10","9","25","10","32","0.00","6","","288<br />","San Francisco (CA)","Summer"
24321,2014-08-30,"80","72","63","61","59","55","93","69","45","29.93","29.90","29.86","10","10","10","29","16","36","0.00","3","","282<br />","San Francisco (CA)","Summer"
24322,2014-08-31,"75","69","62","60","58","55","90","74","57","29.94","29.89","29.85","10","10","10","26","12","31","0.00","1","","289<br />","San Francisco (CA)","Summer"
24323,2014-09-01,"83","72","60","64","59","55","90","65","40","29.86","29.82","29.75","10","10","9","24","10","29","0.00","0","","304<br />","San Francisco (CA)","Summer"
24324,2014-09-02,"74","67","60","60","58","57","90","76","61","29.86","29.81","29.78","10","10","9","23","11","26","0.00","1","","279<br />","San Francisco (CA)","Summer"
24325,2014-09-03,"76","68","60","61","58","55","90","75","60","29.81","29.76","29.70","10","10","10","21","9","50","0.00","4","","265<br />","San Francisco (CA)","Summer"
24326,2014-09-04,"76","68","60","62","58","57","90","74","58","29.81","29.75","29.72","10","10","9","17","7","20","0.00","4","","287<br />","San Francisco (CA)","Summer"
24327,2014-09-05,"75","68","60","60","57","55","90","72","54","29.92","29.87","29.81","10","10","7","20","8","23","0.00","4","","279<br />","San Francisco (CA)","Summer"
24328,2014-09-06,"72","66","59","58","55","54","87","72","57","29.97","29.93","29.90","10","9","8","21","9","25","0.00","4","","275<br />","San Francisco (CA)","Summer"
24329,2014-09-07,"71","64","57","55","54","54","86","72","57","29.92","29.87","29.82","10","10","10","25","12","30","0.00","2","","270<br />","San Francisco (CA)","Summer"
24330,2014-09-08,"68","63","58","54","53","52","80","69","58","29.96","29.90","29.86","10","10","10","24","12","29","0.00","3","","263<br />","San Francisco (CA)","Summer"
24331,2014-09-09,"71","65","59","57","56","54","93","78","63","30.01","29.95","29.91","10","10","9","23","11","28","0.00","4","","280<br />","San Francisco (CA)","Summer"
24332,2014-09-10,"82","69","56","63","58","52","97","72","47","29.96","29.91","29.82","10","8","0","24","9","29","0.00","2","Fog","260<br />","San Francisco (CA)","Summer"
24333,2014-09-11,"79","69","59","62","58","56","93","74","54","29.91","29.87","29.82","10","10","10","28","12","31","0.00","1","","301<br />","San Francisco (CA)","Summer"
24334,2014-09-12,"75","67","58","60","58","57","93","75","57","29.91","29.85","29.79","10","10","10","29","13","32","0.00","2","","300<br />","San Francisco (CA)","Summer"
24335,2014-09-13,"75","68","60","60","58","57","90","74","57","29.86","29.82","29.78","10","10","10","26","13","32","0.00","3","","301<br />","San Francisco (CA)","Summer"
24336,2014-09-14,"74","67","59","61","58","55","90","74","57","29.86","29.84","29.80","10","10","9","22","12","25","0.00","2","","290<br />","San Francisco (CA)","Summer"
24337,2014-09-15,"78","70","62","61","58","54","90","66","42","29.94","29.90","29.85","10","10","10","21","12","25","0.00","2","","280<br />","San Francisco (CA)","Summer"
24338,2014-09-16,"81","72","62","63","60","56","93","69","45","29.94","29.88","29.82","10","10","10","23","10","28","0.00","3","","275<br />","San Francisco (CA)","Summer"
24339,2014-09-17,"82","72","62","66","60","55","90","66","42","29.83","29.79","29.74","10","10","10","25","10","32","T","3","Rain","215<br />","San Francisco (CA)","Summer"
24340,2014-09-18,"80","72","64","66","64","62","93","76","58","29.90","29.84","29.78","10","10","8","18","7","22","0.01","5","Rain","221<br />","San Francisco (CA)","Summer"
24341,2014-09-19,"74","69","63","63","62","61","93","81","68","29.93","29.89","29.86","10","10","10","22","11","28","0.00","3","","289<br />","San Francisco (CA)","Summer"
24342,2014-09-20,"77","71","64","63","61","59","93","77","60","29.96","29.92","29.89","10","10","9","21","8","24","0.00","5","","290<br />","San Francisco (CA)","Summer"
24343,2014-09-21,"72","69","65","61","60","59","84","76","68","30.02","29.99","29.94","10","10","10","20","9","24","0.00","7","","252<br />","San Francisco (CA)","Summer"
24344,2014-09-22,"78","72","65","61","59","58","81","66","50","30.04","30.00","29.97","10","10","10","26","13","31","0.00","4","","273<br />","San Francisco (CA)","Summer"
24345,2014-09-23,"77","71","65","65","62","59","87","76","64","30.02","29.97","29.93","10","10","9","23","11","26","T","4","","271<br />","San Francisco (CA)","Autumn"
24346,2014-09-24,"80","72","64","65","64","62","93","78","62","29.97","29.93","29.88","10","9","4","21","9","25","T","7","Rain","225<br />","San Francisco (CA)","Autumn"
24347,2014-09-25,"74","68","61","61","59","57","97","77","57","30.02","29.97","29.92","10","8","2","17","6","26","0.41","6","Rain","278<br />","San Francisco (CA)","Autumn"
24348,2014-09-26,"74","68","62","61","59","57","93","75","57","30.01","29.97","29.92","10","10","10","28","13","33","0.00","3","","274<br />","San Francisco (CA)","Autumn"
24349,2014-09-27,"73","68","63","59","58","57","90","76","61","29.93","29.89","29.84","10","10","10","26","13","32","0.00","4","","259<br />","San Francisco (CA)","Autumn"
24350,2014-09-28,"76","69","61","61","58","57","90","76","61","29.97","29.89","29.83","10","10","10","18","8","24","0.00","5","","262<br />","San Francisco (CA)","Autumn"
24351,2014-09-29,"71","66","60","59","58","57","90","78","66","30.04","30.00","29.97","10","10","9","24","12","30","0.00","4","","275<br />","San Francisco (CA)","Autumn"
24352,2014-09-30,"75","69","62","60","58","55","90","72","54","30.00","29.94","29.85","10","10","9","22","12","24","0.00","4","","276<br />","San Francisco (CA)","Autumn"
24353,2014-10-01,"86","73","60","59","51","40","84","52","19","29.99","29.91","29.85","10","10","9","21","6","26","0.00","1","","271<br />","San Francisco (CA)","Autumn"
24354,2014-10-02,"91","76","61","55","47","42","67","43","18","30.04","29.99","29.94","10","10","10","15","2","17","0.00","0","","306<br />","San Francisco (CA)","Autumn"
24355,2014-10-03,"95","81","66","66","53","41","73","46","19","30.09","30.04","29.99","10","10","10","21","5","23","0.00","0","","344<br />","San Francisco (CA)","Autumn"
24356,2014-10-04,"92","78","64","64","51","40","73","46","18","30.04","29.99","29.92","10","10","10","21","7","24","0.00","1","","305<br />","San Francisco (CA)","Autumn"
24357,2014-10-05,"87","74","60","64","56","45","84","61","37","29.97","29.92","29.87","10","10","10","28","9","31","0.00","1","","299<br />","San Francisco (CA)","Autumn"
24358,2014-10-06,"83","71","58","64","58","55","93","67","40","29.94","29.90","29.84","10","9","6","21","11","26","0.00","2","","304<br />","San Francisco (CA)","Autumn"
24359,2014-10-07,"73","66","59","58","57","55","87","70","53","29.95","29.90","29.85","10","10","10","28","14","32","0.00","3","","298<br />","San Francisco (CA)","Autumn"
24360,2014-10-08,"78","68","58","61","57","55","93","69","45","29.93","29.89","29.85","10","10","9","28","11","33","0.00","1","","294<br />","San Francisco (CA)","Autumn"
24361,2014-10-09,"68","64","59","58","57","55","93","81","68","30.01","29.96","29.92","10","10","10","23","13","25","0.00","3","","297<br />","San Francisco (CA)","Autumn"
24362,2014-10-10,"69","64","59","57","56","54","90","77","63","30.08","30.03","30.00","10","10","10","25","13","30","0.00","6","","281<br />","San Francisco (CA)","Autumn"
24363,2014-10-11,"76","68","59","60","56","53","90","70","49","30.07","30.02","29.97","10","10","10","26","8","30","0.00","4","","302<br />","San Francisco (CA)","Autumn"
24364,2014-10-12,"91","75","59","62","49","32","87","50","13","29.99","29.95","29.89","10","10","10","17","4","20","0.00","0","","274<br />","San Francisco (CA)","Autumn"
24365,2014-10-13,"88","76","63","64","54","44","78","52","26","29.97","29.93","29.90","10","10","10","15","5","18","0.00","1","","308<br />","San Francisco (CA)","Autumn"
24366,2014-10-14,"74","69","63","59","57","56","84","71","57","29.95","29.88","29.83","10","10","9","30","12","38","0.00","5","","177<br />","San Francisco (CA)","Autumn"
24367,2014-10-15,"76","69","62","59","58","55","84","69","53","30.03","29.98","29.86","10","10","10","25","10","30","T","6","Rain","233<br />","San Francisco (CA)","Autumn"
24368,2014-10-16,"73","66","58","56","53","49","84","63","41","30.04","29.99","29.94","10","10","10","15","5","18","0.00","4","","269<br />","San Francisco (CA)","Autumn"
24369,2014-10-17,"77","67","57","59","53","47","67","54","41","29.98","29.95","29.92","10","10","10","17","6","22","0.00","5","","176<br />","San Francisco (CA)","Autumn"
24370,2014-10-18,"79","72","65","62","59","56","87","68","48","29.99","29.94","29.89","10","10","10","20","6","23","0.00","2","","305<br />","San Francisco (CA)","Autumn"
24371,2014-10-19,"74","68","61","62","60","58","90","77","64","29.93","29.90","29.86","10","10","10","20","8","23","0.00","2","","291<br />","San Francisco (CA)","Autumn"
24372,2014-10-20,"72","67","62","63","58","56","84","71","57","30.07","29.97","29.91","10","9","2","18","8","22","0.03","5","Rain","247<br />","San Francisco (CA)","Autumn"
24373,2014-10-21,"72","64","56","57","54","48","90","67","44","30.12","30.07","30.03","10","10","10","23","9","26","0.00","2","","292<br />","San Francisco (CA)","Autumn"
24374,2014-10-22,"74","66","57","60","56","50","84","69","53","30.09","30.05","30.02","10","10","10","18","6","22","0.00","4","","285<br />","San Francisco (CA)","Autumn"
24375,2014-10-23,"74","69","63","62","60","57","93","75","57","30.08","30.02","29.97","10","10","10","14","6","17","0.00","4","","288<br />","San Francisco (CA)","Autumn"
24376,2014-10-24,"73","67","60","61","58","55","87","74","61","29.98","29.94","29.89","10","10","10","24","8","30","0.00","3","","154<br />","San Francisco (CA)","Autumn"
24377,2014-10-25,"73","68","63","61","58","55","87","72","57","30.15","30.02","29.89","10","9","4","26","11","32","0.10","6","Rain","189<br />","San Francisco (CA)","Autumn"
24378,2014-10-26,"70","64","58","58","53","46","90","67","44","30.18","30.13","30.06","10","10","8","23","10","32","0.00","2","","296<br />","San Francisco (CA)","Autumn"
24379,2014-10-27,"70","63","56","55","53","49","86","67","47","30.07","30.05","30.02","10","10","10","21","9","25","0.00","2","","271<br />","San Francisco (CA)","Autumn"
24380,2014-10-28,"71","63","55","60","54","49","100","73","45","30.13","30.09","30.06","10","10","10","21","8","24","0.00","1","","265<br />","San Francisco (CA)","Autumn"
24381,2014-10-29,"80","71","61","61","54","48","87","62","37","30.12","30.05","29.97","10","10","10","14","3","15","0.00","2","","311<br />","San Francisco (CA)","Autumn"
24382,2014-10-30,"74","67","60","61","57","52","90","74","57","29.96","29.92","29.88","10","10","10","18","6","22","0.00","5","","252<br />","San Francisco (CA)","Autumn"
24383,2014-10-31,"64","61","58","59","56","52","93","83","72","29.91","29.84","29.74","10","9","2","18","8","22","0.18","7","Rain","229<br />","San Francisco (CA)","Autumn"
24384,2014-11-01,"65","60","55","54","52","49","93","77","60","30.04","29.90","29.75","10","10","10","25","10","31","T","4","","263<br />","San Francisco (CA)","Autumn"
24385,2014-11-02,"66","58","49","52","49","44","89","69","48","30.17","30.13","30.05","10","10","10","22","6","25","0.00","1","","288<br />","San Francisco (CA)","Autumn"
24386,2014-11-03,"69","60","50","56","51","45","93","73","53","30.27","30.22","30.17","10","10","10","21","7","23","0.00","4","","267<br />","San Francisco (CA)","Autumn"
24387,2014-11-04,"72","61","50","56","53","51","100","75","49","30.33","30.27","30.23","10","10","10","16","4","20","0.00","2","","279<br />","San Francisco (CA)","Autumn"
24388,2014-11-05,"76","65","54","57","54","51","93","68","43","30.23","30.14","30.07","10","10","10","12","2","14","0.00","2","","300<br />","San Francisco (CA)","Autumn"
24389,2014-11-06,"74","65","56","61","57","50","97","79","61","30.23","30.19","30.14","10","10","10","23","9","28","0.00","3","","286<br />","San Francisco (CA)","Autumn"
24390,2014-11-07,"70","62","54","61","58","53","100","87","73","30.23","30.17","30.10","10","8","1","21","6","24","0.00","3","Fog","298<br />","San Francisco (CA)","Autumn"
24391,2014-11-08,"75","65","54","61","56","53","100","75","49","30.13","30.07","30.00","10","8","1","18","3","22","0.00","3","Fog","274<br />","San Francisco (CA)","Autumn"
24392,2014-11-09,"69","61","53","60","56","52","100","87","73","30.02","29.93","29.83","10","7","0","24","8","28","0.00","2","Fog","293<br />","San Francisco (CA)","Autumn"
24393,2014-11-10,"68","61","53","59","56","51","100","82","63","29.85","29.82","29.80","10","7","0","15","5","18","0.00","4","Fog","250<br />","San Francisco (CA)","Autumn"
24394,2014-11-11,"67","61","54","54","51","49","86","69","52","29.98","29.92","29.86","10","10","10","17","7","21","0.00","6","","201<br />","San Francisco (CA)","Autumn"
24395,2014-11-12,"67","62","57","55","49","46","72","60","48","30.03","29.99","29.97","10","9","2","15","5","18","0.15","7","Rain","219<br />","San Francisco (CA)","Autumn"
24396,2014-11-13,"67","62","56","61","58","55","100","87","73","30.08","30.01","29.92","10","9","2","15","9","31","0.25","6","Rain","240<br />","San Francisco (CA)","Autumn"
24397,2014-11-14,"66","61","56","57","56","54","100","87","73","30.11","30.09","30.06","10","10","9","18","10","22","0.00","4","","277<br />","San Francisco (CA)","Autumn"
24398,2014-11-15,"66","60","54","56","55","52","93","78","63","30.19","30.14","30.09","10","10","10","18","9","23","0.00","2","","287<br />","San Francisco (CA)","Autumn"
24399,2014-11-16,"63","60","56","54","38","28","86","57","27","30.26","30.22","30.17","10","10","10","24","9","26","0.00","5","","48<br />","San Francisco (CA)","Autumn"
24400,2014-11-17,"66","58","50","49","43","34","77","56","34","30.25","30.17","30.11","10","10","10","17","6","18","0.00","3","","97<br />","San Francisco (CA)","Autumn"
24401,2014-11-18,"64","58","51","51","46","40","77","65","52","30.14","30.10","30.05","10","10","10","10","2","14","0.00","6","","102<br />","San Francisco (CA)","Autumn"
24402,2014-11-19,"64","60","56","61","56","47","100","80","60","30.14","30.05","30.00","10","9","1","21","7","28","0.12","7","Rain","181<br />","San Francisco (CA)","Autumn"
24403,2014-11-20,"60","57","53","57","55","52","100","88","75","30.12","30.06","29.99","10","9","2","14","4","25","0.20","7","Rain","161<br />","San Francisco (CA)","Autumn"
24404,2014-11-21,"61","58","54","56","54","52","100","86","72","30.13","30.09","30.03","10","10","8","12","4","20","0.00","7","","89<br />","San Francisco (CA)","Autumn"
24405,2014-11-22,"65","60","55","64","59","49","100","89","77","30.25","30.12","30.06","10","8","1","26","12","33","0.15","6","Rain","247<br />","San Francisco (CA)","Autumn"
24406,2014-11-23,"66","58","49","51","48","45","89","69","48","30.35","30.30","30.25","10","10","10","14","4","24","0.00","2","","302<br />","San Francisco (CA)","Autumn"
24407,2014-11-24,"66","57","47","49","45","37","93","65","37","30.42","30.37","30.33","10","10","10","13","2","23","0.00","1","","306<br />","San Francisco (CA)","Autumn"
24408,2014-11-25,"65","57","49","51","48","45","93","75","56","30.46","30.39","30.33","10","10","10","8","1","22","0.00","1","","117<br />","San Francisco (CA)","Autumn"
24409,2014-11-26,"68","59","49","53","50","46","96","77","58","30.32","30.26","30.20","10","9","7","10","2","17","0.00","1","","118<br />","San Francisco (CA)","Autumn"
24410,2014-11-27,"64","57","50","56","53","49","100","86","72","30.19","30.12","30.06","10","7","4","15","4","17","0.00","3","","314<br />","San Francisco (CA)","Autumn"
24411,2014-11-28,"63","55","46","55","50","43","100","86","72","30.06","29.98","29.86","10","5","0","14","5","20","0.00","5","Fog","145<br />","San Francisco (CA)","Autumn"
24412,2014-11-29,"65","61","57","59","58","55","100","89","78","29.86","29.81","29.75","10","9","5","13","7","15","0.08","7","Rain","124<br />","San Francisco (CA)","Autumn"
24413,2014-11-30,"62","58","53","60","56","50","100","92","83","30.02","29.87","29.74","10","9","3","23","6","29","1.04","7","Rain","64<br />","San Francisco (CA)","Autumn"
24414,2014-12-01,"64","61","57","59","58","57","100","92","84","30.11","30.04","29.95","10","10","5","16","4","18","T","6","Rain","44<br />","San Francisco (CA)","Autumn"
24415,2014-12-02,"62","59","56","59","57","55","100","95","90","29.94","29.77","29.68","10","8","2","22","10","25","1.59","7","Rain","92<br />","San Francisco (CA)","Autumn"
24416,2014-12-03,"66","63","59","61","60","58","100","89","78","29.88","29.75","29.70","10","7","1","32","10","39","1.89","8","Rain-Thunderstorm","139<br />","San Francisco (CA)","Autumn"
24417,2014-12-04,"67","63","58","61","59","57","100","87","73","30.02","29.95","29.88","10","8","0","13","5","16","0.10","6","Fog-Rain","125<br />","San Francisco (CA)","Autumn"
24418,2014-12-05,"67","63","58","61","60","57","100","87","73","30.08","30.01","29.97","10","8","2","16","6","20","0.14","7","Rain","119<br />","San Francisco (CA)","Autumn"
24419,2014-12-06,"67","63","58","63","60","58","100","89","78","30.22","30.17","30.08","10","9","4","12","4","15","0.09","7","Rain","107<br />","San Francisco (CA)","Autumn"
24420,2014-12-07,"64","59","54","61","58","54","100","89","78","30.22","30.18","30.12","10","8","2","15","2","18","0.00","6","","193<br />","San Francisco (CA)","Autumn"
24421,2014-12-08,"68","62","56","61","58","55","100","89","78","30.18","30.15","30.12","10","10","8","10","3","12","0.00","6","","85<br />","San Francisco (CA)","Autumn"
24422,2014-12-09,"63","60","57","61","59","57","100","95","90","30.21","30.15","30.08","10","7","0","9","2","12","0.00","7","Fog","49<br />","San Francisco (CA)","Autumn"
24423,2014-12-10,"65","62","58","59","58","55","100","89","78","30.07","29.90","29.72","10","8","3","24","11","32","T","8","Rain","132<br />","San Francisco (CA)","Autumn"
24424,2014-12-11,"67","59","51","61","55","48","100","87","73","29.69","29.62","29.51","10","6","2","37","12","48","3.43","8","Rain","179<br />","San Francisco (CA)","Autumn"
24425,2014-12-12,"58","55","51","53","51","49","100","89","77","30.08","29.88","29.67","10","9","5","10","4","13","0.38","7","Rain","158<br />","San Francisco (CA)","Autumn"
24426,2014-12-13,"56","52","48","52","49","46","100","89","77","30.23","30.17","30.09","10","10","8","12","2","14","0.00","5","","100<br />","San Francisco (CA)","Autumn"
24427,2014-12-14,"61","55","49","55","50","48","93","83","72","30.14","30.06","29.98","10","10","6","14","6","18","0.14","7","Rain","107<br />","San Francisco (CA)","Autumn"
24428,2014-12-15,"63","58","52","55","53","51","100","97","93","29.97","29.88","29.83","10","8","2","29","12","33","1.37","8","Rain","122<br />","San Francisco (CA)","Autumn"
24429,2014-12-16,"63","57","50","55","51","45","100","83","65","29.95","29.90","29.82","10","9","5","26","9","36","0.84","6","Rain","154<br />","San Francisco (CA)","Autumn"
24430,2014-12-17,"60","55","50","54","51","48","100","84","67","30.08","30.03","29.95","10","9","5","20","6","24","0.21","7","Rain","154<br />","San Francisco (CA)","Autumn"
24431,2014-12-18,"60","56","52","55","52","50","100","88","75","30.19","30.12","30.06","10","10","6","12","3","14","0.02","7","Rain","130<br />","San Francisco (CA)","Autumn"
24432,2014-12-19,"59","57","55","58","56","52","100","90","80","30.16","30.13","30.10","10","7","1","14","5","21","0.38","8","Rain","110<br />","San Francisco (CA)","Autumn"
24433,2014-12-20,"62","59","56","59","57","53","100","89","78","30.25","30.18","30.12","10","7","2","9","3","10","0.02","7","Rain","123<br />","San Francisco (CA)","Autumn"
24434,2014-12-21,"63","61","58","61","60","59","100","97","93","30.32","30.28","30.25","10","8","2","24","11","29","0.02","7","Rain","274<br />","San Francisco (CA)","Winter"
24435,2014-12-22,"65","60","54","59","57","54","100","92","84","30.30","30.24","30.18","10","8","0","17","4","20","0.00","3","Fog","288<br />","San Francisco (CA)","Winter"
24436,2014-12-23,"68","60","51","58","55","52","100","82","63","30.23","30.17","30.12","10","10","10","15","4","17","0.00","1","","279<br />","San Francisco (CA)","Winter"
24437,2014-12-24,"62","55","48","58","51","40","100","82","63","30.11","30.05","29.97","10","9","2","33","12","43","0.04","5","Rain","270<br />","San Francisco (CA)","Winter"
24438,2014-12-25,"58","52","46","41","37","34","71","56","40","30.15","30.11","30.07","10","10","10","23","13","28","0.00","0","","323<br />","San Francisco (CA)","Winter"
24439,2014-12-26,"59","52","44","40","36","33","65","54","43","30.27","30.19","30.12","10","10","10","25","12","30","0.00","0","","3<br />","San Francisco (CA)","Winter"
24440,2014-12-27,"56","49","42","42","38","35","80","64","47","30.38","30.34","30.27","10","10","10","14","4","15","0.00","3","","129<br />","San Francisco (CA)","Winter"
24441,2014-12-28,"57","50","43","51","45","41","93","77","61","30.37","30.30","30.23","10","10","10","13","4","16","0.00","2","","240<br />","San Francisco (CA)","Winter"
24442,2014-12-29,"55","50","44","49","44","38","93","76","59","30.24","30.18","30.11","10","10","9","25","9","33","0.00","3","","305<br />","San Francisco (CA)","Winter"
24443,2014-12-30,"55","51","47","44","33","26","86","62","38","30.25","30.17","30.11","10","10","10","43","24","51","0.00","1","","2<br />","San Francisco (CA)","Winter"
24444,2014-12-31,"58","50","41","37","27","18","70","47","24","30.27","30.18","30.08","10","10","10","35","11","43","0.00","1","","2<br />","San Francisco (CA)","Winter"
